year,team,all_matches,all_matches_win,all_matches_lost,all_matches_drawn,all_GF,all_GA,all_Gdiff,all_efectividad,all_fail_GF,all_fail_GA,all_nrm_fail_GF,all_nrm_fail_GA,all_nrm_GF,all_nrm_GA,all_nrm_Gdiff,Away_matches,Away_matches_win,Away_matches_lost,Away_matches_drawn,Away_GF,Away_GA,Away_Gdiff,Away_efectividad,Away_fail_GF,Away_fail_GA,Away_nrm_fail_GF,Away_nrm_fail_GA,Away_nrm_GF,Away_nrm_GA,Away_nrm_Gdiff,Home_matches,Home_matches_win,Home_matches_lost,Home_matches_drawn,Home_GF,Home_GA,Home_Gdiff,Home_efectividad,Home_fail_GF,Home_fail_GA,Home_nrm_fail_GF,Home_nrm_fail_GA,Home_nrm_GF,Home_nrm_GA,Home_nrm_Gdiff,Neutral_matches,Neutral_matches_win,Neutral_matches_lost,Neutral_matches_drawn,Neutral_GF,Neutral_GA,Neutral_Gdiff,Neutral_efectividad,Neutral_fail_GF,Neutral_fail_GA,Neutral_nrm_fail_GF,Neutral_nrm_fail_GA,Neutral_nrm_GF,Neutral_nrm_GA,Neutral_nrm_Gdiff
2011,Argentina,4,2,1,1,7,4,3,0.5,1,1,0.25,0.25,1.75,1,0.75,2,1,1,0,2,2,0,0.5,1,1,0.5,0.5,1,1,0,2,1,0,1,5,2,3,0.5,0,0,0,0,2.5,1,1.5,,,,,,,,,,,,,,,
2012,Argentina,5,4,0,1,13,3,10,0.8,0,0,0,0,2.6,0.6,2,2,1,0,1,3,2,1,0.5,0,0,0,0,1.5,1,0.5,3,3,0,0,10,1,9,1,0,0,0,0,3.33333333333333,0.333333333333333,3,,,,,,,,,,,,,,,
2013,Argentina,7,3,1,3,15,8,7,0.428571428571429,1,1,0.142857142857143,0.142857142857143,2.14285714285714,1.14285714285714,1,4,1,1,2,9,7,2,0.25,0,0,0,0,2.25,1.75,0.5,3,2,0,1,6,1,5,0.666666666666667,1,1,0.333333333333333,0.333333333333333,2,0.333333333333333,1.66666666666667,,,,,,,,,,,,,,,
2014,Argentina,14,10,2,2,26,8,18,0.714285714285714,4,4,0.285714285714286,0.285714285714286,1.85714285714286,0.571428571428571,1.28571428571429,3,2,0,1,11,2,9,0.666666666666667,1,1,0.333333333333333,0.333333333333333,3.66666666666667,0.666666666666667,3,4,3,1,0,7,2,5,0.75,1,1,0.25,0.25,1.75,0.5,1.25,7,5,1,1,8,4,4,0.714285714285714,2,2,0.285714285714286,0.285714285714286,1.14285714285714,0.571428571428571,0.571428571428571
2015,Argentina,15,8,1,6,30,9,21,0.533333333333333,4,4,0.266666666666667,0.266666666666667,2,0.6,1.4,3,2,0,1,3,0,3,0.666666666666667,1,1,0.333333333333333,0.333333333333333,1,0,1,6,3,1,2,17,6,11,0.5,1,1,0.166666666666667,0.166666666666667,2.83333333333333,1,1.83333333333333,6,3,0,3,10,3,7,0.5,2,2,0.333333333333333,0.333333333333333,1.66666666666667,0.5,1.16666666666667
2016,Argentina,15,10,2,3,31,11,20,0.666666666666667,3,3,0.2,0.2,2.06666666666667,0.733333333333333,1.33333333333333,5,2,1,2,10,8,2,0.4,1,1,0.2,0.2,2,1.6,0.4,10,8,1,1,21,3,18,0.8,2,2,0.2,0.2,2.1,0.3,1.8,,,,,,,,,,,,,,,
2017,Argentina,9,4,2,3,14,8,6,0.444444444444444,3,3,0.333333333333333,0.333333333333333,1.55555555555556,0.888888888888889,0.666666666666667,5,3,1,1,10,3,7,0.6,2,2,0.4,0.4,2,0.6,1.4,4,1,1,2,4,5,-1,0.25,1,1,0.25,0.25,1,1.25,-0.25,,,,,,,,,,,,,,,
2018,Argentina,12,7,3,2,24,15,9,0.583333333333333,2,2,0.166666666666667,0.166666666666667,2,1.25,0.75,3,1,1,1,5,6,-1,0.333333333333333,1,1,0.333333333333333,0.333333333333333,1.66666666666667,2,-0.333333333333333,5,5,0,0,13,0,13,1,0,0,0,0,2.6,0,2.6,4,1,2,1,6,9,-3,0.25,1,1,0.25,0.25,1.5,2.25,-0.75
2019,Argentina,15,8,3,4,29,15,14,0.533333333333333,3,3,0.2,0.2,1.93333333333333,1,0.933333333333333,3,2,0,1,4,2,2,0.666666666666667,0,0,0,0,1.33333333333333,0.666666666666667,0.666666666666667,5,3,1,1,18,7,11,0.6,0,0,0,0,3.6,1.4,2.2,7,3,2,2,7,6,1,0.428571428571429,3,3,0.428571428571429,0.428571428571429,1,0.857142857142857,0.142857142857143
2020,Argentina,4,3,0,1,6,2,4,0.75,0,0,0,0,1.5,0.5,1,2,2,0,0,4,1,3,1,0,0,0,0,2,0.5,1.5,2,1,0,1,2,1,1,0.5,0,0,0,0,1,0.5,0.5,,,,,,,,,,,,,,,
2021,Argentina,17,10,0,6,26,7,19,0.588235294117647,3,3,0.176470588235294,0.176470588235294,1.52941176470588,0.411764705882353,1.11764705882353,5,2,0,2,6,3,3,0.4,2,2,0.4,0.4,1.2,0.6,0.6,6,3,0,3,9,2,7,0.5,1,1,0.166666666666667,0.166666666666667,1.5,0.333333333333333,1.16666666666667,6,5,0,1,11,2,9,0.833333333333333,0,0,0,0,1.83333333333333,0.333333333333333,1.5
2022,Argentina,9,7,1,1,24,4,20,0.777777777777778,0,0,0,0,2.66666666666667,0.444444444444444,2.22222222222222,3,2,0,1,8,2,6,0.666666666666667,0,0,0,0,2.66666666666667,0.666666666666667,2,3,3,0,0,7,0,7,1,0,0,0,0,2.33333333333333,0,2.33333333333333,3,2,1,0,9,2,7,0.666666666666667,0,0,0,0,3,0.666666666666667,2.33333333333333
2011,Australia,5,4,1,0,9,3,6,0.8,1,1,0.2,0.2,1.8,0.6,1.2,3,2,1,0,4,2,2,0.666666666666667,1,1,0.333333333333333,0.333333333333333,1.33333333333333,0.666666666666667,0.666666666666667,2,2,0,0,5,1,4,1,0,0,0,0,2.5,0.5,2,,,,,,,,,,,,,,,
2012,Australia,5,2,1,2,8,6,2,0.4,1,1,0.2,0.2,1.6,1.2,0.4,3,1,1,1,3,3,0,0.333333333333333,1,1,0.333333333333333,0.333333333333333,1,1,0,2,1,0,1,5,3,2,0.5,0,0,0,0,2.5,1.5,1,,,,,,,,,,,,,,,
2013,Australia,4,2,0,2,8,3,5,0.5,0,0,0,0,2,0.75,1.25,1,0,0,1,1,1,0,0,0,0,0,0,1,1,0,3,2,0,1,7,2,5,0.666666666666667,0,0,0,0,2.33333333333333,0.666666666666667,1.66666666666667,,,,,,,,,,,,,,,
2014,Australia,11,1,8,2,11,22,-11,0.0909090909090909,5,5,0.454545454545455,0.454545454545455,1,2,-1,6,1,4,1,4,8,-4,0.166666666666667,4,4,0.666666666666667,0.666666666666667,0.666666666666667,1.33333333333333,-0.666666666666667,1,0,0,1,1,1,0,0,0,0,0,0,1,1,0,4,0,4,0,6,13,-7,0,1,1,0.25,0.25,1.5,3.25,-1.75
2015,Australia,14,10,2,2,33,8,25,0.714285714285714,3,3,0.214285714285714,0.214285714285714,2.35714285714286,0.571428571428571,1.78571428571429,6,3,1,2,11,5,6,0.5,2,2,0.333333333333333,0.333333333333333,1.83333333333333,0.833333333333333,1,2,2,0,0,8,0,8,1,0,0,0,0,4,0,4,6,5,1,0,14,3,11,0.833333333333333,1,1,0.166666666666667,0.166666666666667,2.33333333333333,0.5,1.83333333333333
2016,Australia,10,5,2,3,23,10,13,0.5,0,0,0,0,2.3,1,1.3,4,1,1,2,6,6,0,0.25,0,0,0,0,1.5,1.5,0,6,4,1,1,17,4,13,0.666666666666667,0,0,0,0,2.83333333333333,0.666666666666667,2.16666666666667,,,,,,,,,,,,,,,
2017,Australia,11,4,3,4,15,17,-2,0.363636363636364,2,2,0.181818181818182,0.181818181818182,1.36363636363636,1.54545454545455,-0.181818181818182,3,0,1,2,2,4,-2,0,1,1,0.333333333333333,0.333333333333333,0.666666666666667,1.33333333333333,-0.666666666666667,5,4,1,0,9,8,1,0.8,1,1,0.2,0.2,1.8,1.6,0.2,3,0,1,2,4,5,-1,0,0,0,0,0,1.33333333333333,1.66666666666667,-0.333333333333333
2018,Australia,11,5,3,3,22,11,11,0.454545454545455,2,2,0.181818181818182,0.181818181818182,2,1,1,4,2,1,1,7,5,2,0.5,1,1,0.25,0.25,1.75,1.25,0.5,3,2,0,1,8,1,7,0.666666666666667,0,0,0,0,2.66666666666667,0.333333333333333,2.33333333333333,4,1,2,1,7,5,2,0.25,1,1,0.25,0.25,1.75,1.25,0.5
2019,Australia,10,6,3,1,22,6,16,0.6,4,4,0.4,0.4,2.2,0.6,1.6,4,3,1,0,11,2,9,0.75,1,1,0.25,0.25,2.75,0.5,2.25,1,1,0,0,5,0,5,1,0,0,0,0,5,0,5,5,2,2,1,6,4,2,0.4,3,3,0.6,0.6,1.2,0.8,0.4
2021,Australia,10,7,1,2,21,5,16,0.7,1,1,0.1,0.1,2.1,0.5,1.6,4,2,1,1,6,3,3,0.5,0,0,0,0,1.5,0.75,0.75,6,5,0,1,15,2,13,0.833333333333333,1,1,0.166666666666667,0.166666666666667,2.5,0.333333333333333,2.16666666666667,,,,,,,,,,,,,,,
2022,Australia,10,5,3,2,14,11,3,0.5,3,3,0.3,0.3,1.4,1.1,0.3,3,1,1,1,4,3,1,0.333333333333333,1,1,0.333333333333333,0.333333333333333,1.33333333333333,1,0.333333333333333,3,2,1,0,5,2,3,0.666666666666667,1,1,0.333333333333333,0.333333333333333,1.66666666666667,0.666666666666667,1,4,2,1,1,5,6,-1,0.5,1,1,0.25,0.25,1.25,1.5,-0.25
2010,Belgium,4,1,2,1,8,8,0,0.25,1,1,0.25,0.25,2,2,0,2,1,1,0,4,3,1,0.5,0,0,0,0,2,1.5,0.5,2,0,1,1,4,5,-1,0,1,1,0.5,0.5,2,2.5,-0.5,,,,,,,,,,,,,,,
2011,Belgium,6,3,1,2,13,7,6,0.5,0,0,0,0,2.16666666666667,1.16666666666667,1,3,1,1,1,4,4,0,0.333333333333333,0,0,0,0,1.33333333333333,1.33333333333333,0,3,2,0,1,9,3,6,0.666666666666667,0,0,0,0,3,1,2,,,,,,,,,,,,,,,
2012,Belgium,4,3,0,1,8,1,7,0.75,0,0,0,0,2,0.25,1.75,2,2,0,0,5,0,5,1,0,0,0,0,2.5,0,2.5,2,1,0,1,3,1,2,0.5,0,0,0,0,1.5,0.5,1,,,,,,,,,,,,,,,
2013,Belgium,6,5,0,1,10,3,7,0.833333333333333,0,0,0,0,1.66666666666667,0.5,1.16666666666667,3,3,0,0,6,1,5,1,0,0,0,0,2,0.333333333333333,1.66666666666667,3,2,0,1,4,2,2,0.666666666666667,0,0,0,0,1.33333333333333,0.666666666666667,0.666666666666667,,,,,,,,,,,,,,,
2014,Belgium,14,10,1,3,28,8,20,0.714285714285714,2,2,0.142857142857143,0.142857142857143,2,0.571428571428571,1.42857142857143,2,1,0,1,3,1,2,0.5,0,0,0,0,1.5,0.5,1,7,5,0,2,19,4,15,0.714285714285714,1,1,0.142857142857143,0.142857142857143,2.71428571428571,0.571428571428571,2.14285714285714,5,4,1,0,6,3,3,0.8,1,1,0.2,0.2,1.2,0.6,0.6
2015,Belgium,10,8,1,0,24,8,16,0.8,2,2,0.2,0.2,2.4,0.8,1.6,5,4,1,0,10,5,5,0.8,1,1,0.2,0.2,2,1,1,5,4,0,0,14,3,11,0.8,1,1,0.2,0.2,2.8,0.6,2.2,,,,,,,,,,,,,,,
2016,Belgium,15,9,4,2,38,15,23,0.6,2,2,0.133333333333333,0.133333333333333,2.53333333333333,1,1.53333333333333,5,3,1,1,13,4,9,0.6,0,0,0,0,2.6,0.8,1.8,5,3,1,1,16,6,10,0.6,1,1,0.2,0.2,3.2,1.2,2,5,3,2,0,9,5,4,0.6,1,1,0.2,0.2,1.8,1,0.8
2017,Belgium,10,7,0,3,31,12,19,0.7,0,0,0,0,3.1,1.2,1.9,4,3,0,1,11,7,4,0.75,0,0,0,0,2.75,1.75,1,6,4,0,2,20,5,15,0.666666666666667,0,0,0,0,3.33333333333333,0.833333333333333,2.5,,,,,,,,,,,,,,,
2018,Belgium,17,13,2,2,41,14,27,0.764705882352941,2,2,0.117647058823529,0.117647058823529,2.41176470588235,0.823529411764706,1.58823529411765,3,2,1,0,9,5,4,0.666666666666667,0,0,0,0,3,1.66666666666667,1.33333333333333,7,5,0,2,16,3,13,0.714285714285714,1,1,0.142857142857143,0.142857142857143,2.28571428571429,0.428571428571429,1.85714285714286,7,6,1,0,16,6,10,0.857142857142857,1,1,0.142857142857143,0.142857142857143,2.28571428571429,0.857142857142857,1.42857142857143
2019,Belgium,10,10,0,0,40,3,37,1,0,0,0,0,4,0.3,3.7,5,5,0,0,16,1,15,1,0,0,0,0,3.2,0.2,3,5,5,0,0,24,2,22,1,0,0,0,0,4.8,0.4,4.4,,,,,,,,,,,,,,,
2020,Belgium,8,6,1,1,19,8,11,0.75,0,0,0,0,2.375,1,1.375,3,2,1,0,5,3,2,0.666666666666667,0,0,0,0,1.66666666666667,1,0.666666666666667,5,4,0,1,14,5,9,0.8,0,0,0,0,2.8,1,1.8,,,,,,,,,,,,,,,
2021,Belgium,17,11,3,3,39,15,24,0.647058823529412,0,0,0,0,2.29411764705882,0.882352941176471,1.41176470588235,4,2,0,2,8,4,4,0.5,0,0,0,0,2,1,1,7,5,1,1,20,5,15,0.714285714285714,0,0,0,0,2.85714285714286,0.714285714285714,2.14285714285714,6,4,2,0,11,6,5,0.666666666666667,0,0,0,0,1.83333333333333,1,0.833333333333333
2022,Belgium,9,5,2,2,17,10,7,0.555555555555556,1,1,0.111111111111111,0.111111111111111,1.88888888888889,1.11111111111111,0.777777777777778,4,1,1,2,4,4,0,0.25,1,1,0.25,0.25,1,1,0,4,3,1,0,12,6,6,0.75,0,0,0,0,3,1.5,1.5,1,1,0,0,1,0,1,1,0,0,0,0,1,0,1
2013,Brazil,5,5,0,0,14,3,11,1,0,0,0,0,2.8,0.6,2.2,1,1,0,0,4,2,2,1,0,0,0,0,4,2,2,4,4,0,0,10,1,9,1,0,0,0,0,2.5,0.25,2.25,,,,,,,,,,,,,,,
2014,Brazil,15,11,2,2,33,15,18,0.733333333333333,2,2,0.133333333333333,0.133333333333333,2.2,1,1.2,4,4,0,0,15,1,14,1,0,0,0,0,3.75,0.25,3.5,4,4,0,0,7,0,7,1,0,0,0,0,1.75,0,1.75,7,3,2,2,11,14,-3,0.428571428571429,2,2,0.285714285714286,0.285714285714286,1.57142857142857,2,-0.428571428571429
2015,Brazil,14,10,2,2,24,10,14,0.714285714285714,2,2,0.142857142857143,0.142857142857143,1.71428571428571,0.714285714285714,1,4,2,1,1,8,5,3,0.5,1,1,0.25,0.25,2,1.25,0.75,5,5,0,0,10,1,9,1,0,0,0,0,2,0.2,1.8,5,3,1,1,6,4,2,0.6,1,1,0.2,0.2,1.2,0.8,0.4
2016,Brazil,12,8,1,3,30,7,23,0.666666666666667,2,2,0.166666666666667,0.166666666666667,2.5,0.583333333333333,1.91666666666667,5,4,0,1,11,2,9,0.8,0,0,0,0,2.2,0.4,1.8,7,4,1,2,19,5,14,0.571428571428571,2,2,0.285714285714286,0.285714285714286,2.71428571428571,0.714285714285714,2,,,,,,,,,,,,,,,
2017,Brazil,10,7,0,3,21,3,18,0.7,2,2,0.2,0.2,2.1,0.3,1.8,6,3,0,3,12,3,9,0.5,2,2,0.333333333333333,0.333333333333333,2,0.5,1.5,4,4,0,0,9,0,9,1,0,0,0,0,2.25,0,2.25,,,,,,,,,,,,,,,
2018,Brazil,14,12,1,1,28,3,25,0.857142857142857,0,0,0,0,2,0.214285714285714,1.78571428571429,5,5,0,0,11,0,11,1,0,0,0,0,2.2,0,2.2,4,4,0,0,9,0,9,1,0,0,0,0,2.25,0,2.25,5,3,1,1,8,3,5,0.6,0,0,0,0,1.6,0.6,1
2019,Brazil,16,8,2,6,33,9,24,0.5,4,4,0.25,0.25,2.0625,0.5625,1.5,1,1,0,0,3,1,2,1,0,0,0,0,3,1,2,6,2,2,2,11,4,7,0.333333333333333,2,2,0.333333333333333,0.333333333333333,1.83333333333333,0.666666666666667,1.16666666666667,9,5,0,4,19,4,15,0.555555555555556,2,2,0.222222222222222,0.222222222222222,2.11111111111111,0.444444444444444,1.66666666666667
2020,Brazil,4,4,0,0,12,2,10,1,0,0,0,0,3,0.5,2.5,2,2,0,0,6,2,4,1,0,0,0,0,3,1,2,2,2,0,0,6,0,6,1,0,0,0,0,3,0,3,,,,,,,,,,,,,,,
2021,Brazil,17,12,1,3,27,5,22,0.705882352941177,4,4,0.235294117647059,0.235294117647059,1.58823529411765,0.294117647058824,1.29411764705882,5,3,0,2,6,1,5,0.6,2,2,0.4,0.4,1.2,0.2,1,6,5,0,0,10,1,9,0.833333333333333,1,1,0.166666666666667,0.166666666666667,1.66666666666667,0.166666666666667,1.5,6,4,1,1,11,3,8,0.666666666666667,1,1,0.166666666666667,0.166666666666667,1.83333333333333,0.5,1.33333333333333
2022,Brazil,9,8,0,1,29,3,26,0.888888888888889,0,0,0,0,3.22222222222222,0.333333333333333,2.88888888888889,4,3,0,1,11,2,9,0.75,0,0,0,0,2.75,0.5,2.25,2,2,0,0,8,0,8,1,0,0,0,0,4,0,4,3,3,0,0,10,1,9,1,0,0,0,0,3.33333333333333,0.333333333333333,3
2012,Cameroon,2,1,1,0,2,2,0,0.5,0,0,0,0,1,1,0,1,0,1,0,1,2,-1,0,0,0,0,0,1,2,-1,1,1,0,0,1,0,1,1,0,0,0,0,1,0,1,,,,,,,,,,,,,,,
2013,Cameroon,6,4,0,2,10,2,8,0.666666666666667,2,2,0.333333333333333,0.333333333333333,1.66666666666667,0.333333333333333,1.33333333333333,3,1,0,2,3,0,3,0.333333333333333,2,2,0.666666666666667,0.666666666666667,1,0,1,3,3,0,0,7,2,5,1,0,0,0,0,2.33333333333333,0.666666666666667,1.66666666666667,,,,,,,,,,,,,,,
2014,Cameroon,13,6,4,3,16,17,-1,0.461538461538462,4,4,0.307692307692308,0.307692307692308,1.23076923076923,1.30769230769231,-0.0769230769230769,5,1,1,3,5,7,-2,0.2,2,2,0.4,0.4,1,1.4,-0.4,4,4,0,0,8,1,7,1,0,0,0,0,2,0.25,1.75,4,1,3,0,3,9,-6,0.25,2,2,0.5,0.5,0.75,2.25,-1.5
2015,Cameroon,15,7,2,6,18,13,5,0.466666666666667,3,3,0.2,0.2,1.2,0.866666666666667,0.333333333333333,9,6,1,2,14,9,5,0.666666666666667,1,1,0.111111111111111,0.111111111111111,1.55555555555556,1,0.555555555555556,6,1,1,4,4,4,0,0.166666666666667,2,2,0.333333333333333,0.333333333333333,0.666666666666667,0.666666666666667,0,,,,,,,,,,,,,,,
2016,Cameroon,9,3,1,5,12,9,3,0.333333333333333,1,1,0.111111111111111,0.111111111111111,1.33333333333333,1,0.333333333333333,5,1,1,3,5,5,0,0.2,1,1,0.2,0.2,1,1,0,4,2,0,2,7,4,3,0.5,0,0,0,0,1.75,1,0.75,,,,,,,,,,,,,,,
2017,Cameroon,17,6,5,6,17,22,-5,0.352941176470588,5,5,0.294117647058824,0.294117647058824,1,1.29411764705882,-0.294117647058824,6,2,1,3,6,8,-2,0.333333333333333,2,2,0.333333333333333,0.333333333333333,1,1.33333333333333,-0.333333333333333,7,4,1,2,9,4,5,0.571428571428571,1,1,0.142857142857143,0.142857142857143,1.28571428571429,0.571428571428571,0.714285714285714,4,0,3,1,2,10,-8,0,2,2,0.5,0.5,0.5,2.5,-2
2018,Cameroon,7,2,3,2,5,6,-1,0.285714285714286,4,4,0.571428571428571,0.571428571428571,0.714285714285714,0.857142857142857,-0.142857142857143,5,1,2,2,4,5,-1,0.2,3,3,0.6,0.6,0.8,1,-0.2,2,1,1,0,1,1,0,0.5,1,1,0.5,0.5,0.5,0.5,0,,,,,,,,,,,,,,,
2019,Cameroon,10,4,1,5,11,5,6,0.4,4,4,0.4,0.4,1.1,0.5,0.6,2,1,0,1,1,0,1,0.5,1,1,0.5,0.5,0.5,0,0.5,4,2,0,2,6,2,4,0.5,1,1,0.25,0.25,1.5,0.5,1,4,1,1,2,4,3,1,0.25,2,2,0.5,0.5,1,0.75,0.25
2020,Cameroon,3,2,0,1,6,1,5,0.666666666666667,1,1,0.333333333333333,0.333333333333333,2,0.333333333333333,1.66666666666667,1,1,0,0,2,0,2,1,0,0,0,0,2,0,2,1,1,0,0,4,1,3,1,0,0,0,0,4,1,3,1,0,0,1,0,0,0,0,1,1,1,1,0,0,0
2021,Cameroon,10,6,2,2,14,6,8,0.6,2,2,0.2,0.2,1.4,0.6,0.8,5,3,2,0,8,5,3,0.6,0,0,0,0,1.6,1,0.6,5,3,0,2,6,1,5,0.6,2,2,0.4,0.4,1.2,0.2,1,,,,,,,,,,,,,,,
2022,Cameroon,14,6,4,4,18,14,4,0.428571428571429,5,5,0.357142857142857,0.357142857142857,1.28571428571429,1,0.285714285714286,2,1,1,0,2,2,0,0.5,1,1,0.5,0.5,1,1,0,2,0,1,1,1,2,-1,0,1,1,0.5,0.5,0.5,1,-0.5,10,5,2,3,15,10,5,0.5,3,3,0.3,0.3,1.5,1,0.5
2011,Canada,6,4,0,2,18,1,17,0.666666666666667,2,2,0.333333333333333,0.333333333333333,3,0.166666666666667,2.83333333333333,3,2,0,1,10,0,10,0.666666666666667,1,1,0.333333333333333,0.333333333333333,3.33333333333333,0,3.33333333333333,3,2,0,1,8,1,7,0.666666666666667,1,1,0.333333333333333,0.333333333333333,2.66666666666667,0.333333333333333,2.33333333333333,,,,,,,,,,,,,,,
2012,Canada,6,3,2,1,6,10,-4,0.5,2,2,0.333333333333333,0.333333333333333,1,1.66666666666667,-0.666666666666667,3,1,2,0,2,10,-8,0.333333333333333,1,1,0.333333333333333,0.333333333333333,0.666666666666667,3.33333333333333,-2.66666666666667,3,2,0,1,4,0,4,0.666666666666667,1,1,0.333333333333333,0.333333333333333,1.33333333333333,0,1.33333333333333,,,,,,,,,,,,,,,
2014,Canada,5,1,1,3,5,4,1,0.2,2,2,0.4,0.4,1,0.8,0.2,1,0,0,1,0,0,0,0,1,1,1,1,0,0,0,1,1,0,0,3,1,2,1,0,0,0,0,3,1,2,3,0,1,2,2,3,-1,0,1,1,0.333333333333333,0.333333333333333,0.666666666666667,1,-0.333333333333333
2015,Canada,14,6,2,6,18,6,12,0.428571428571429,4,4,0.285714285714286,0.285714285714286,1.28571428571429,0.428571428571429,0.857142857142857,6,2,1,3,6,2,4,0.333333333333333,3,3,0.5,0.5,1,0.333333333333333,0.666666666666667,7,4,1,2,11,3,8,0.571428571428571,1,1,0.142857142857143,0.142857142857143,1.57142857142857,0.428571428571429,1.14285714285714,1,0,0,1,1,1,0,0,0,0,0,0,1,1,0
2016,Canada,10,3,6,1,11,17,-6,0.3,5,5,0.5,0.5,1.1,1.7,-0.6,6,1,5,0,3,12,-9,0.166666666666667,4,4,0.666666666666667,0.666666666666667,0.5,2,-1.5,4,2,1,1,8,5,3,0.5,1,1,0.25,0.25,2,1.25,0.75,,,,,,,,,,,,,,,
2017,Canada,9,4,2,3,15,10,5,0.444444444444444,2,2,0.222222222222222,0.222222222222222,1.66666666666667,1.11111111111111,0.555555555555556,6,2,2,2,11,9,2,0.333333333333333,1,1,0.166666666666667,0.166666666666667,1.83333333333333,1.5,0.333333333333333,3,2,0,1,4,1,3,0.666666666666667,1,1,0.333333333333333,0.333333333333333,1.33333333333333,0.333333333333333,1,,,,,,,,,,,,,,,
2018,Canada,1,1,0,0,1,0,1,1,0,0,0,0,1,0,1,,,,,,,,,,,,,,,,,,,,,,,,,,,,,,,,,,,,,,,,,,,,,
2019,Canada,4,2,2,0,14,6,8,0.5,0,0,0,0,3.5,1.5,2,2,0,2,0,3,6,-3,0,0,0,0,0,1.5,3,-1.5,2,2,0,0,11,0,11,1,0,0,0,0,5.5,0,5.5,,,,,,,,,,,,,,,
2020,Canada,3,2,1,0,8,3,5,0.666666666666667,1,1,0.333333333333333,0.333333333333333,2.66666666666667,1,1.66666666666667,,,,,,,,,,,,,,,,,,,,,,,,,,,,,,,,,,,,,,,,,,,,,
2021,Canada,19,13,2,4,55,11,44,0.68421052631579,2,2,0.105263157894737,0.105263157894737,2.89473684210526,0.578947368421053,2.31578947368421,10,5,2,3,28,6,22,0.5,2,2,0.2,0.2,2.8,0.6,2.2,9,8,0,1,27,5,22,0.888888888888889,0,0,0,0,3,0.555555555555556,2.44444444444444,,,,,,,,,,,,,,,
2022,Canada,10,5,4,1,14,7,7,0.5,4,4,0.4,0.4,1.4,0.7,0.7,5,2,2,1,6,4,2,0.4,2,2,0.4,0.4,1.2,0.8,0.4,3,2,1,0,6,2,4,0.666666666666667,1,1,0.333333333333333,0.333333333333333,2,0.666666666666667,1.33333333333333,2,1,1,0,2,1,1,0.5,1,1,0.5,0.5,1,0.5,0.5
2012,Costa Rica,6,3,2,1,14,5,9,0.5,2,2,0.333333333333333,0.333333333333333,2.33333333333333,0.833333333333333,1.5,3,2,1,0,5,1,4,0.666666666666667,1,1,0.333333333333333,0.333333333333333,1.66666666666667,0.333333333333333,1.33333333333333,3,1,1,1,9,4,5,0.333333333333333,1,1,0.333333333333333,0.333333333333333,3,1.33333333333333,1.66666666666667,,,,,,,,,,,,,,,
2013,Costa Rica,10,5,2,3,13,7,6,0.5,3,3,0.3,0.3,1.3,0.7,0.6,5,0,2,3,3,5,-2,0,3,3,0.6,0.6,0.6,1,-0.4,5,5,0,0,10,2,8,1,0,0,0,0,2,0.4,1.6,,,,,,,,,,,,,,,
2014,Costa Rica,13,5,3,5,19,19,0,0.384615384615385,4,4,0.307692307692308,0.307692307692308,1.46153846153846,1.46153846153846,0,5,2,2,1,11,14,-3,0.4,1,1,0.2,0.2,2.2,2.8,-0.6,2,1,0,1,3,2,1,0.5,0,0,0,0,1.5,1,0.5,6,2,1,3,5,3,2,0.333333333333333,3,3,0.5,0.5,0.833333333333333,0.5,0.333333333333333
2015,Costa Rica,16,5,6,5,13,14,-1,0.3125,6,6,0.375,0.375,0.8125,0.875,-0.0625,8,2,4,2,7,9,-2,0.25,3,3,0.375,0.375,0.875,1.125,-0.25,7,3,1,3,6,4,2,0.428571428571429,2,2,0.285714285714286,0.285714285714286,0.857142857142857,0.571428571428571,0.285714285714286,1,0,1,0,0,1,-1,0,1,1,1,1,0,1,-1
2016,Costa Rica,12,8,2,2,23,13,10,0.666666666666667,3,3,0.25,0.25,1.91666666666667,1.08333333333333,0.833333333333333,7,4,2,1,11,11,0,0.571428571428571,2,2,0.285714285714286,0.285714285714286,1.57142857142857,1.57142857142857,0,5,4,0,1,12,2,10,0.8,1,1,0.2,0.2,2.4,0.4,2,,,,,,,,,,,,,,,
2017,Costa Rica,15,5,5,5,14,17,-3,0.333333333333333,5,5,0.333333333333333,0.333333333333333,0.933333333333333,1.13333333333333,-0.2,7,2,4,1,5,11,-6,0.285714285714286,3,3,0.428571428571429,0.428571428571429,0.714285714285714,1.57142857142857,-0.857142857142857,8,3,1,4,9,6,3,0.375,2,2,0.25,0.25,1.125,0.75,0.375,,,,,,,,,,,,,,,
2018,Costa Rica,14,4,9,1,16,27,-11,0.285714285714286,6,6,0.428571428571429,0.428571428571429,1.14285714285714,1.92857142857143,-0.785714285714286,10,3,7,0,11,22,-11,0.3,4,4,0.4,0.4,1.1,2.2,-1.1,1,1,0,0,3,0,3,1,0,0,0,0,3,0,3,3,0,2,1,2,5,-3,0,2,2,0.666666666666667,0.666666666666667,0.666666666666667,1.66666666666667,-1
2019,Costa Rica,9,3,5,1,10,10,0,0.333333333333333,3,3,0.333333333333333,0.333333333333333,1.11111111111111,1.11111111111111,0,5,0,4,1,2,7,-5,0,3,3,0.6,0.6,0.4,1.4,-1,4,3,1,0,8,3,5,0.75,0,0,0,0,2,0.75,1.25,,,,,,,,,,,,,,,
2020,Costa Rica,4,0,3,1,1,4,-3,0,3,3,0.75,0.75,0.25,1,-0.75,2,0,1,1,1,2,-1,0,1,1,0.5,0.5,0.5,1,-0.5,2,0,2,0,0,2,-2,0,2,2,1,1,0,1,-1,,,,,,,,,,,,,,,
2021,Costa Rica,16,5,6,5,12,16,-4,0.3125,9,9,0.5625,0.5625,0.75,1,-0.25,8,1,3,4,3,8,-5,0.125,6,6,0.75,0.75,0.375,1,-0.625,7,4,2,1,9,7,2,0.571428571428571,2,2,0.285714285714286,0.285714285714286,1.28571428571429,1,0.285714285714286,1,0,1,0,0,1,-1,0,1,1,1,1,0,1,-1
2022,Costa Rica,11,8,1,2,14,11,3,0.727272727272727,2,2,0.181818181818182,0.181818181818182,1.27272727272727,1,0.272727272727273,4,2,0,2,5,3,2,0.5,1,1,0.25,0.25,1.25,0.75,0.5,4,4,0,0,6,0,6,1,0,0,0,0,1.5,0,1.5,3,2,1,0,3,8,-5,0.666666666666667,1,1,0.333333333333333,0.333333333333333,1,2.66666666666667,-1.66666666666667
2010,Croatia,4,3,0,1,8,1,7,0.75,1,1,0.25,0.25,2,0.25,1.75,2,2,0,0,5,1,4,1,0,0,0,0,2.5,0.5,2,2,1,0,1,3,0,3,0.5,1,1,0.5,0.5,1.5,0,1.5,,,,,,,,,,,,,,,
2011,Croatia,8,5,2,1,13,6,7,0.625,3,3,0.375,0.375,1.625,0.75,0.875,4,2,2,0,6,4,2,0.5,2,2,0.5,0.5,1.5,1,0.5,4,3,0,1,7,2,5,0.75,1,1,0.25,0.25,1.75,0.5,1.25,,,,,,,,,,,,,,,
2012,Croatia,7,4,1,2,10,5,5,0.571428571428571,1,1,0.142857142857143,0.142857142857143,1.42857142857143,0.714285714285714,0.714285714285714,4,2,0,2,7,4,3,0.5,0,0,0,0,1.75,1,0.75,3,2,1,0,3,1,2,0.666666666666667,1,1,0.333333333333333,0.333333333333333,1,0.333333333333333,0.666666666666667,,,,,,,,,,,,,,,
2013,Croatia,8,3,3,2,8,7,1,0.375,3,3,0.375,0.375,1,0.875,0.125,4,1,1,2,3,4,-1,0.25,2,2,0.5,0.5,0.75,1,-0.25,4,2,2,0,5,3,2,0.5,1,1,0.25,0.25,1.25,0.75,0.5,,,,,,,,,,,,,,,
2014,Croatia,12,7,3,2,24,12,12,0.583333333333333,0,0,0,0,2,1,1,4,1,1,2,5,5,0,0.25,0,0,0,0,1.25,1.25,0,5,5,0,0,13,1,12,1,0,0,0,0,2.6,0.2,2.4,3,1,2,0,6,6,0,0.333333333333333,0,0,0,0,2,2,0
2015,Croatia,8,5,1,2,17,5,12,0.625,2,2,0.25,0.25,2.125,0.625,1.5,4,2,1,1,4,3,1,0.5,2,2,0.5,0.5,1,0.75,0.25,4,3,0,1,13,2,11,0.75,0,0,0,0,3.25,0.5,2.75,,,,,,,,,,,,,,,
2016,Croatia,13,9,1,3,32,6,26,0.692307692307692,1,1,0.0769230769230769,0.0769230769230769,2.46153846153846,0.461538461538462,2,4,3,0,1,11,1,10,0.75,0,0,0,0,2.75,0.25,2.5,5,4,0,1,16,1,15,0.8,0,0,0,0,3.2,0.2,3,4,2,1,1,5,4,1,0.5,1,1,0.25,0.25,1.25,1,0.25
2017,Croatia,10,5,3,2,11,8,3,0.5,4,4,0.4,0.4,1.1,0.8,0.3,6,2,3,1,4,6,-2,0.333333333333333,4,4,0.666666666666667,0.666666666666667,0.666666666666667,1,-0.333333333333333,4,3,0,1,7,2,5,0.75,0,0,0,0,1.75,0.5,1.25,,,,,,,,,,,,,,,
2018,Croatia,17,8,5,4,24,26,-2,0.470588235294118,4,4,0.235294117647059,0.235294117647059,1.41176470588235,1.52941176470588,-0.117647058823529,6,1,4,1,3,13,-10,0.166666666666667,3,3,0.5,0.5,0.5,2.16666666666667,-1.66666666666667,4,3,0,1,7,4,3,0.75,1,1,0.25,0.25,1.75,1,0.75,7,4,1,2,14,9,5,0.571428571428571,0,0,0,0,2,1.28571428571429,0.714285714285714
2019,Croatia,10,6,2,2,20,10,10,0.6,0,0,0,0,2,1,1,4,1,1,2,7,4,3,0.25,0,0,0,0,1.75,1,0.75,6,5,1,0,13,6,7,0.833333333333333,0,0,0,0,2.16666666666667,1,1.16666666666667,,,,,,,,,,,,,,,
2020,Croatia,8,2,5,1,14,20,-6,0.25,0,0,0,0,1.75,2.5,-0.75,5,1,3,1,9,14,-5,0.2,0,0,0,0,1.8,2.8,-1,3,1,2,0,5,6,-1,0.333333333333333,0,0,0,0,1.66666666666667,2,-0.333333333333333,,,,,,,,,,,,,,,
2021,Croatia,16,8,4,4,29,14,15,0.5,4,4,0.25,0.25,1.8125,0.875,0.9375,6,3,2,1,11,3,8,0.5,3,3,0.5,0.5,1.83333333333333,0.5,1.33333333333333,6,4,0,2,11,3,8,0.666666666666667,0,0,0,0,1.83333333333333,0.5,1.33333333333333,4,1,2,1,7,8,-1,0.25,1,1,0.25,0.25,1.75,2,-0.25
2022,Croatia,9,5,1,3,11,8,3,0.555555555555556,2,2,0.222222222222222,0.222222222222222,1.22222222222222,0.888888888888889,0.333333333333333,3,3,0,0,5,1,4,1,0,0,0,0,1.66666666666667,0.333333333333333,1.33333333333333,5,2,1,2,6,7,-1,0.4,1,1,0.2,0.2,1.2,1.4,-0.2,1,0,0,1,0,0,0,0,1,1,1,1,0,0,0
2010,Denmark,3,2,1,0,4,3,1,0.666666666666667,0,0,0,0,1.33333333333333,1,0.333333333333333,1,0,1,0,1,3,-2,0,0,0,0,0,1,3,-2,2,2,0,0,3,0,3,1,0,0,0,0,1.5,0,1.5,,,,,,,,,,,,,,,
2011,Denmark,5,4,0,1,11,3,8,0.8,0,0,0,0,2.2,0.6,1.6,3,2,0,1,7,2,5,0.666666666666667,0,0,0,0,2.33333333333333,0.666666666666667,1.66666666666667,2,2,0,0,4,1,3,1,0,0,0,0,2,0.5,1.5,,,,,,,,,,,,,,,
2012,Denmark,6,1,3,2,6,9,-3,0.166666666666667,1,1,0.166666666666667,0.166666666666667,1,1.5,-0.5,3,1,1,1,3,4,-1,0.333333333333333,0,0,0,0,1,1.33333333333333,-0.333333333333333,3,0,2,1,3,5,-2,0,1,1,0.333333333333333,0.333333333333333,1,1.66666666666667,-0.666666666666667,,,,,,,,,,,,,,,
2013,Denmark,7,4,1,2,15,8,7,0.571428571428571,1,1,0.142857142857143,0.142857142857143,2.14285714285714,1.14285714285714,1,3,3,0,0,6,1,5,1,0,0,0,0,2,0.333333333333333,1.66666666666667,4,1,1,2,9,7,2,0.25,1,1,0.25,0.25,2.25,1.75,0.5,,,,,,,,,,,,,,,
2014,Denmark,9,3,4,2,10,11,-1,0.333333333333333,3,3,0.333333333333333,0.333333333333333,1.11111111111111,1.22222222222222,-0.111111111111111,5,1,2,2,6,7,-1,0.2,2,2,0.4,0.4,1.2,1.4,-0.2,4,2,2,0,4,4,0,0.5,1,1,0.25,0.25,1,1,0,,,,,,,,,,,,,,,
2015,Denmark,10,3,4,3,11,12,-1,0.3,4,4,0.4,0.4,1.1,1.2,-0.1,4,0,3,1,1,5,-4,0,3,3,0.75,0.75,0.25,1.25,-1,6,3,1,2,10,7,3,0.5,1,1,0.166666666666667,0.166666666666667,1.66666666666667,1.16666666666667,0.5,,,,,,,,,,,,,,,
2016,Denmark,8,4,3,1,15,8,7,0.5,2,2,0.25,0.25,1.875,1,0.875,3,0,2,1,3,5,-2,0,1,1,0.333333333333333,0.333333333333333,1,1.66666666666667,-0.666666666666667,5,4,1,0,12,3,9,0.8,1,1,0.2,0.2,2.4,0.6,1.8,,,,,,,,,,,,,,,
2017,Denmark,9,5,0,4,19,5,14,0.555555555555556,2,2,0.222222222222222,0.222222222222222,2.11111111111111,0.555555555555556,1.55555555555556,5,4,0,1,13,3,10,0.8,1,1,0.2,0.2,2.6,0.6,2,4,1,0,3,6,2,4,0.25,1,1,0.25,0.25,1.5,0.5,1,,,,,,,,,,,,,,,
2018,Denmark,14,6,1,7,12,6,6,0.428571428571429,6,6,0.428571428571429,0.428571428571429,0.857142857142857,0.428571428571429,0.428571428571429,4,1,1,2,2,4,-2,0.25,3,3,0.75,0.75,0.5,1,-0.5,6,4,0,2,7,0,7,0.666666666666667,2,2,0.333333333333333,0.333333333333333,1.16666666666667,0,1.16666666666667,4,1,0,3,3,2,1,0.25,1,1,0.25,0.25,0.75,0.5,0.25
2019,Denmark,10,5,0,5,29,8,21,0.5,1,1,0.1,0.1,2.9,0.8,2.1,5,1,0,4,12,6,6,0.2,1,1,0.2,0.2,2.4,1.2,1.2,5,4,0,1,17,2,15,0.8,0,0,0,0,3.4,0.4,3,,,,,,,,,,,,,,,
2020,Denmark,8,5,2,1,14,7,7,0.625,2,2,0.25,0.25,1.75,0.875,0.875,3,2,1,0,6,4,2,0.666666666666667,0,0,0,0,2,1.33333333333333,0.666666666666667,5,3,1,1,8,3,5,0.6,2,2,0.4,0.4,1.6,0.6,1,,,,,,,,,,,,,,,
2021,Denmark,18,13,4,1,45,11,34,0.722222222222222,2,2,0.111111111111111,0.111111111111111,2.5,0.611111111111111,1.88888888888889,8,5,2,1,15,6,9,0.625,1,1,0.125,0.125,1.875,0.75,1.125,6,6,0,0,21,1,20,1,0,0,0,0,3.5,0.166666666666667,3.33333333333333,4,2,2,0,9,4,5,0.5,1,1,0.25,0.25,2.25,1,1.25
2022,Denmark,9,5,3,1,14,9,5,0.555555555555556,2,2,0.222222222222222,0.222222222222222,1.55555555555556,1,0.555555555555556,4,2,2,0,7,8,-1,0.5,0,0,0,0,1.75,2,-0.25,4,3,1,0,7,1,6,0.75,1,1,0.25,0.25,1.75,0.25,1.5,1,0,0,1,0,0,0,0,1,1,1,1,0,0,0
2011,Ecuador,3,2,1,0,5,2,3,0.666666666666667,0,0,0,0,1.66666666666667,0.666666666666667,1,1,0,1,0,1,2,-1,0,0,0,0,0,1,2,-1,2,2,0,0,4,0,4,1,0,0,0,0,2,0,2,,,,,,,,,,,,,,,
2012,Ecuador,6,3,1,2,7,7,0,0.5,1,1,0.166666666666667,0.166666666666667,1.16666666666667,1.16666666666667,0,3,0,1,2,2,6,-4,0,1,1,0.333333333333333,0.333333333333333,0.666666666666667,2,-1.33333333333333,3,3,0,0,5,1,4,1,0,0,0,0,1.66666666666667,0.333333333333333,1.33333333333333,,,,,,,,,,,,,,,
2013,Ecuador,7,2,3,2,8,7,1,0.285714285714286,2,2,0.285714285714286,0.285714285714286,1.14285714285714,1,0.142857142857143,4,0,3,1,2,5,-3,0,2,2,0.5,0.5,0.5,1.25,-0.75,3,2,0,1,6,2,4,0.666666666666667,0,0,0,0,2,0.666666666666667,1.33333333333333,,,,,,,,,,,,,,,
2014,Ecuador,11,4,3,4,21,15,6,0.363636363636364,2,2,0.181818181818182,0.181818181818182,1.90909090909091,1.36363636363636,0.545454545454545,6,2,2,2,12,7,5,0.333333333333333,1,1,0.166666666666667,0.166666666666667,2,1.16666666666667,0.833333333333333,,,,,,,,,,,,,,,,5,2,1,2,9,8,1,0.4,1,1,0.2,0.2,1.8,1.6,0.2
2015,Ecuador,12,7,4,1,21,12,9,0.583333333333333,2,2,0.166666666666667,0.166666666666667,1.75,1,0.75,5,2,2,1,7,5,2,0.4,1,1,0.2,0.2,1.4,1,0.4,4,4,0,0,10,1,9,1,0,0,0,0,2.5,0.25,2.25,3,1,2,0,4,6,-2,0.333333333333333,1,1,0.333333333333333,0.333333333333333,1.33333333333333,2,-0.666666666666667
2016,Ecuador,13,3,6,4,20,19,1,0.230769230769231,3,3,0.230769230769231,0.230769230769231,1.53846153846154,1.46153846153846,0.0769230769230769,7,0,5,2,6,12,-6,0,2,2,0.285714285714286,0.285714285714286,0.857142857142857,1.71428571428571,-0.857142857142857,6,3,1,2,14,7,7,0.5,1,1,0.166666666666667,0.166666666666667,2.33333333333333,1.16666666666667,1.16666666666667,,,,,,,,,,,,,,,
2017,Ecuador,8,1,6,1,8,14,-6,0.125,2,2,0.25,0.25,1,1.75,-0.75,3,0,3,0,2,6,-4,0,1,1,0.333333333333333,0.333333333333333,0.666666666666667,2,-1.33333333333333,4,0,3,1,3,8,-5,0,1,1,0.25,0.25,0.75,2,-1.25,1,1,0,0,3,0,3,1,0,0,0,0,3,0,3
2018,Ecuador,6,4,1,1,11,5,6,0.666666666666667,1,1,0.166666666666667,0.166666666666667,1.83333333333333,0.833333333333333,1,4,2,1,1,7,5,2,0.5,1,1,0.25,0.25,1.75,1.25,0.5,2,2,0,0,4,0,4,1,0,0,0,0,2,0,2,,,,,,,,,,,,,,,
2019,Ecuador,12,3,6,3,13,19,-6,0.25,4,4,0.333333333333333,0.333333333333333,1.08333333333333,1.58333333333333,-0.5,5,0,3,2,4,11,-7,0,2,2,0.4,0.4,0.8,2.2,-1.4,2,2,0,0,6,0,6,1,0,0,0,0,3,0,3,5,1,3,1,3,8,-5,0.2,2,2,0.4,0.4,0.6,1.6,-1
2020,Ecuador,4,3,1,0,13,6,7,0.75,1,1,0.25,0.25,3.25,1.5,1.75,2,1,1,0,3,3,0,0.5,1,1,0.5,0.5,1.5,1.5,0,2,2,0,0,10,3,7,1,0,0,0,0,5,1.5,3.5,,,,,,,,,,,,,,,
2021,Ecuador,18,6,6,6,21,20,1,0.333333333333333,6,6,0.333333333333333,0.333333333333333,1.16666666666667,1.11111111111111,0.0555555555555556,7,2,3,2,7,8,-1,0.285714285714286,3,3,0.428571428571429,0.428571428571429,1,1.14285714285714,-0.142857142857143,6,4,1,1,9,3,6,0.666666666666667,1,1,0.166666666666667,0.166666666666667,1.5,0.5,1,5,0,2,3,5,9,-4,0,2,2,0.4,0.4,1,1.8,-0.8
2022,Ecuador,12,3,1,8,9,7,2,0.25,4,4,0.333333333333333,0.333333333333333,0.75,0.583333333333333,0.166666666666667,2,0,1,1,2,4,-2,0,0,0,0,0,1,2,-1,2,0,0,2,2,2,0,0,0,0,0,0,1,1,0,8,3,0,5,5,1,4,0.375,4,4,0.5,0.5,0.625,0.125,0.5
2010,England,3,2,0,1,7,1,6,0.666666666666667,1,1,0.333333333333333,0.333333333333333,2.33333333333333,0.333333333333333,2,1,1,0,0,3,1,2,1,0,0,0,0,3,1,2,2,1,0,1,4,0,4,0.5,1,1,0.5,0.5,2,0,2,,,,,,,,,,,,,,,
2011,England,5,3,0,2,10,4,6,0.6,0,0,0,0,2,0.8,1.2,3,2,0,1,7,2,5,0.666666666666667,0,0,0,0,2.33333333333333,0.666666666666667,1.66666666666667,2,1,0,1,3,2,1,0.5,0,0,0,0,1.5,1,0.5,,,,,,,,,,,,,,,
2012,England,8,4,0,4,17,5,12,0.5,1,1,0.125,0.125,2.125,0.625,1.5,4,2,0,2,10,4,6,0.5,0,0,0,0,2.5,1,1.5,4,2,0,2,7,1,6,0.5,1,1,0.25,0.25,1.75,0.25,1.5,,,,,,,,,,,,,,,
2013,England,6,4,0,2,19,2,17,0.666666666666667,1,1,0.166666666666667,0.166666666666667,3.16666666666667,0.333333333333333,2.83333333333333,3,1,0,2,9,1,8,0.333333333333333,1,1,0.333333333333333,0.333333333333333,3,0.333333333333333,2.66666666666667,3,3,0,0,10,1,9,1,0,0,0,0,3.33333333333333,0.333333333333333,3,,,,,,,,,,,,,,,
2014,England,13,8,2,3,23,8,15,0.615384615384615,2,2,0.153846153846154,0.153846153846154,1.76923076923077,0.615384615384615,1.15384615384615,3,3,0,0,6,1,5,1,0,0,0,0,2,0.333333333333333,1.66666666666667,5,5,0,0,13,1,12,1,0,0,0,0,2.6,0.2,2.4,5,0,2,3,4,6,-2,0,2,2,0.4,0.4,0.8,1.2,-0.4
2015,England,10,7,1,2,23,5,18,0.7,2,2,0.2,0.2,2.3,0.5,1.8,6,3,1,2,13,5,8,0.5,2,2,0.333333333333333,0.333333333333333,2.16666666666667,0.833333333333333,1.33333333333333,4,4,0,0,10,0,10,1,0,0,0,0,2.5,0,2.5,,,,,,,,,,,,,,,
2016,England,14,8,2,4,21,12,9,0.571428571428571,2,2,0.142857142857143,0.142857142857143,1.5,0.857142857142857,0.642857142857143,3,2,0,1,4,2,2,0.666666666666667,1,1,0.333333333333333,0.333333333333333,1.33333333333333,0.666666666666667,0.666666666666667,7,5,1,1,13,6,7,0.714285714285714,0,0,0,0,1.85714285714286,0.857142857142857,1,4,1,1,2,4,4,0,0.25,1,1,0.25,0.25,1,1,0
2017,England,10,5,2,3,14,7,7,0.5,3,3,0.3,0.3,1.4,0.7,0.7,5,2,2,1,9,6,3,0.4,1,1,0.2,0.2,1.8,1.2,0.6,5,3,0,2,5,1,4,0.6,2,2,0.4,0.4,1,0.2,0.8,,,,,,,,,,,,,,,
2018,England,17,10,4,3,28,15,13,0.588235294117647,3,3,0.176470588235294,0.176470588235294,1.64705882352941,0.882352941176471,0.764705882352941,3,2,0,1,4,2,2,0.666666666666667,1,1,0.333333333333333,0.333333333333333,1.33333333333333,0.666666666666667,0.666666666666667,7,5,1,1,12,5,7,0.714285714285714,0,0,0,0,1.71428571428571,0.714285714285714,1,7,3,3,1,12,8,4,0.428571428571429,2,2,0.285714285714286,0.285714285714286,1.71428571428571,1.14285714285714,0.571428571428571
2019,England,8,7,1,0,37,6,31,0.875,0,0,0,0,4.625,0.75,3.875,4,3,1,0,16,3,13,0.75,0,0,0,0,4,0.75,3.25,4,4,0,0,21,3,18,1,0,0,0,0,5.25,0.75,4.5,,,,,,,,,,,,,,,
2020,England,8,5,2,1,13,4,9,0.625,3,3,0.375,0.375,1.625,0.5,1.125,3,1,1,1,1,2,-1,0.333333333333333,2,2,0.666666666666667,0.666666666666667,0.333333333333333,0.666666666666667,-0.333333333333333,5,4,1,0,12,2,10,0.8,1,1,0.2,0.2,2.4,0.4,2,,,,,,,,,,,,,,,
2021,England,19,15,0,4,52,5,47,0.789473684210526,1,1,0.0526315789473684,0.0526315789473684,2.73684210526316,0.263157894736842,2.47368421052632,6,5,0,1,26,1,25,0.833333333333333,0,0,0,0,4.33333333333333,0.166666666666667,4.16666666666667,8,7,0,1,21,3,18,0.875,0,0,0,0,2.625,0.375,2.25,5,3,0,2,5,1,4,0.6,1,1,0.2,0.2,1,0.2,0.8
2022,England,10,3,3,4,15,13,2,0.3,5,5,0.5,0.5,1.5,1.3,0.2,3,0,2,1,1,3,-2,0,2,2,0.666666666666667,0.666666666666667,0.333333333333333,1,-0.666666666666667,5,2,1,2,8,8,0,0.4,2,2,0.4,0.4,1.6,1.6,0,2,1,0,1,6,2,4,0.5,1,1,0.5,0.5,3,1,2
2010,France,4,3,1,0,6,1,5,0.75,1,1,0.25,0.25,1.5,0.25,1.25,1,1,0,0,2,0,2,1,0,0,0,0,2,0,2,3,2,1,0,4,1,3,0.666666666666667,1,1,0.333333333333333,0.333333333333333,1.33333333333333,0.333333333333333,1,,,,,,,,,,,,,,,
2011,France,6,3,0,3,9,3,6,0.5,1,1,0.166666666666667,0.166666666666667,1.5,0.5,1,4,2,0,2,5,2,3,0.5,1,1,0.25,0.25,1.25,0.5,0.75,2,1,0,1,4,1,3,0.5,0,0,0,0,2,0.5,1.5,,,,,,,,,,,,,,,
2012,France,7,3,2,2,8,7,1,0.428571428571429,2,2,0.285714285714286,0.285714285714286,1.14285714285714,1,0.142857142857143,5,2,2,1,4,5,-1,0.4,2,2,0.4,0.4,0.8,1,-0.2,2,1,0,1,4,2,2,0.5,0,0,0,0,2,1,1,,,,,,,,,,,,,,,
2013,France,7,4,2,1,13,6,7,0.571428571428571,3,3,0.428571428571429,0.428571428571429,1.85714285714286,0.857142857142857,1,3,1,1,1,4,4,0,0.333333333333333,2,2,0.666666666666667,0.666666666666667,1.33333333333333,1.33333333333333,0,4,3,1,0,9,2,7,0.75,1,1,0.25,0.25,2.25,0.5,1.75,,,,,,,,,,,,,,,
2014,France,15,10,1,4,34,7,27,0.666666666666667,2,2,0.133333333333333,0.133333333333333,2.26666666666667,0.466666666666667,1.8,2,1,0,1,4,1,3,0.5,0,0,0,0,2,0.5,1.5,7,5,0,2,12,3,9,0.714285714285714,0,0,0,0,1.71428571428571,0.428571428571429,1.28571428571429,6,4,1,1,18,3,15,0.666666666666667,2,2,0.333333333333333,0.333333333333333,3,0.5,2.5
2015,France,10,6,4,0,17,12,5,0.6,2,2,0.2,0.2,1.7,1.2,0.5,4,2,2,0,3,4,-1,0.5,2,2,0.5,0.5,0.75,1,-0.25,6,4,2,0,14,8,6,0.666666666666667,0,0,0,0,2.33333333333333,1.33333333333333,1,,,,,,,,,,,,,,,
2016,France,17,13,1,3,36,14,22,0.764705882352941,4,4,0.235294117647059,0.235294117647059,2.11764705882353,0.823529411764706,1.29411764705882,7,4,1,2,9,4,5,0.571428571428571,3,3,0.428571428571429,0.428571428571429,1.28571428571429,0.571428571428571,0.714285714285714,10,9,0,1,27,10,17,0.9,1,1,0.1,0.1,2.7,1,1.7,,,,,,,,,,,,,,,
2017,France,11,7,2,2,23,10,13,0.636363636363636,2,2,0.181818181818182,0.181818181818182,2.09090909090909,0.909090909090909,1.18181818181818,4,2,1,1,7,5,2,0.5,0,0,0,0,1.75,1.25,0.5,7,5,1,1,16,5,11,0.714285714285714,2,2,0.285714285714286,0.285714285714286,2.28571428571429,0.714285714285714,1.57142857142857,,,,,,,,,,,,,,,
2018,France,18,12,2,4,32,18,14,0.666666666666667,3,3,0.166666666666667,0.166666666666667,1.77777777777778,1,0.777777777777778,3,1,1,1,3,3,0,0.333333333333333,2,2,0.666666666666667,0.666666666666667,1,1,0,8,5,1,2,15,9,6,0.625,0,0,0,0,1.875,1.125,0.75,7,6,0,1,14,6,8,0.857142857142857,1,1,0.142857142857143,0.142857142857143,2,0.857142857142857,1.14285714285714
2019,France,11,9,1,1,27,6,21,0.818181818181818,1,1,0.0909090909090909,0.0909090909090909,2.45454545454545,0.545454545454545,1.90909090909091,5,4,1,0,11,3,8,0.8,1,1,0.2,0.2,2.2,0.6,1.6,6,5,0,1,16,3,13,0.833333333333333,0,0,0,0,2.66666666666667,0.5,2.16666666666667,,,,,,,,,,,,,,,
2020,France,8,6,1,1,19,8,11,0.75,2,2,0.25,0.25,2.375,1,1.375,3,3,0,0,4,1,3,1,0,0,0,0,1.33333333333333,0.333333333333333,1,5,3,1,1,15,7,8,0.6,2,2,0.4,0.4,3,1.4,1.6,,,,,,,,,,,,,,,
2021,France,16,10,0,6,36,12,24,0.625,0,0,0,0,2.25,0.75,1.5,4,3,0,1,6,1,5,0.75,0,0,0,0,1.5,0.25,1.25,6,4,0,2,18,2,16,0.666666666666667,0,0,0,0,3,0.333333333333333,2.66666666666667,6,3,0,3,12,9,3,0.5,0,0,0,0,2,1.5,0.5
2022,France,9,4,3,2,16,9,7,0.444444444444444,2,2,0.222222222222222,0.222222222222222,1.77777777777778,1,0.777777777777778,3,0,1,2,2,4,-2,0,1,1,0.333333333333333,0.333333333333333,0.666666666666667,1.33333333333333,-0.666666666666667,5,3,2,0,10,4,6,0.6,1,1,0.2,0.2,2,0.8,1.2,1,1,0,0,4,1,3,1,0,0,0,0,4,1,3
2010,Germany,4,4,0,0,13,1,12,1,0,0,0,0,3.25,0.25,3,2,2,0,0,4,0,4,1,0,0,0,0,2,0,2,2,2,0,0,9,1,8,1,0,0,0,0,4.5,0.5,4,,,,,,,,,,,,,,,
2011,Germany,6,6,0,0,21,6,15,1,0,0,0,0,3.5,1,2.5,3,3,0,0,8,3,5,1,0,0,0,0,2.66666666666667,1,1.66666666666667,3,3,0,0,13,3,10,1,0,0,0,0,4.33333333333333,1,3.33333333333333,,,,,,,,,,,,,,,
2012,Germany,9,7,1,1,25,12,13,0.777777777777778,0,0,0,0,2.77777777777778,1.33333333333333,1.44444444444444,4,4,0,0,12,4,8,1,0,0,0,0,3,1,2,5,3,1,1,13,8,5,0.6,0,0,0,0,2.6,1.6,1,,,,,,,,,,,,,,,
2013,Germany,6,6,0,0,21,4,17,1,0,0,0,0,3.5,0.666666666666667,2.83333333333333,3,3,0,0,11,3,8,1,0,0,0,0,3.66666666666667,1,2.66666666666667,3,3,0,0,10,1,9,1,0,0,0,0,3.33333333333333,0.333333333333333,3,,,,,,,,,,,,,,,
2014,Germany,17,11,2,4,37,15,22,0.647058823529412,2,2,0.117647058823529,0.117647058823529,2.17647058823529,0.882352941176471,1.29411764705882,2,1,1,0,1,2,-1,0.5,1,1,0.5,0.5,0.5,1,-0.5,8,4,1,3,18,9,9,0.5,1,1,0.125,0.125,2.25,1.125,1.125,7,6,0,1,18,4,14,0.857142857142857,0,0,0,0,2.57142857142857,0.571428571428571,2
2015,Germany,10,5,3,1,20,11,9,0.5,3,3,0.3,0.3,2,1.1,0.9,5,3,2,0,12,5,7,0.6,2,2,0.4,0.4,2.4,1,1.4,5,2,1,1,8,6,2,0.4,1,1,0.2,0.2,1.6,1.2,0.4,,,,,,,,,,,,,,,
2016,Germany,16,10,3,3,34,10,24,0.625,3,3,0.1875,0.1875,2.125,0.625,1.5,3,2,0,1,11,0,11,0.666666666666667,1,1,0.333333333333333,0.333333333333333,3.66666666666667,0,3.66666666666667,8,5,3,0,16,9,7,0.625,1,1,0.125,0.125,2,1.125,0.875,5,3,0,2,7,1,6,0.6,1,1,0.2,0.2,1.4,0.2,1.2
2017,Germany,15,11,0,4,43,12,31,0.733333333333333,1,1,0.0666666666666667,0.0666666666666667,2.86666666666667,0.8,2.06666666666667,5,3,0,2,10,4,6,0.6,1,1,0.2,0.2,2,0.8,1.2,5,4,0,1,21,3,18,0.8,0,0,0,0,4.2,0.6,3.6,5,4,0,1,12,5,7,0.8,0,0,0,0,2.4,1,1.4
2018,Germany,13,4,6,3,14,17,-3,0.307692307692308,5,5,0.384615384615385,0.384615384615385,1.07692307692308,1.30769230769231,-0.230769230769231,3,0,3,0,2,7,-5,0,1,1,0.333333333333333,0.333333333333333,0.666666666666667,2.33333333333333,-1.66666666666667,7,3,1,3,10,6,4,0.428571428571429,2,2,0.285714285714286,0.285714285714286,1.42857142857143,0.857142857142857,0.571428571428571,3,1,2,0,2,4,-2,0.333333333333333,2,2,0.666666666666667,0.666666666666667,0.666666666666667,1.33333333333333,-0.666666666666667
2019,Germany,10,7,1,2,33,10,23,0.7,0,0,0,0,3.3,1,2.3,4,4,0,0,10,2,8,1,0,0,0,0,2.5,0.5,2,6,3,1,2,23,8,15,0.5,0,0,0,0,3.83333333333333,1.33333333333333,2.5,,,,,,,,,,,,,,,
2020,Germany,8,3,1,4,14,16,-2,0.375,1,1,0.125,0.125,1.75,2,-0.25,3,1,1,1,3,8,-5,0.333333333333333,1,1,0.333333333333333,0.333333333333333,1,2.66666666666667,-1.66666666666667,5,2,0,3,11,8,3,0.4,0,0,0,0,2.2,1.6,0.6,,,,,,,,,,,,,,,
2021,Germany,16,11,3,2,50,13,37,0.6875,2,2,0.125,0.125,3.125,0.8125,2.3125,5,5,0,0,15,1,14,1,0,0,0,0,3,0.2,2.8,7,5,1,1,29,5,24,0.714285714285714,0,0,0,0,4.14285714285714,0.714285714285714,3.42857142857143,4,1,2,1,6,7,-1,0.25,2,2,0.5,0.5,1.5,1.75,-0.25
2022,Germany,10,3,2,5,16,12,4,0.3,1,1,0.1,0.1,1.6,1.2,0.4,5,1,0,4,7,6,1,0.2,0,0,0,0,1.4,1.2,0.2,4,2,1,1,8,4,4,0.5,1,1,0.25,0.25,2,1,1,1,0,1,0,1,2,-1,0,0,0,0,0,1,2,-1
2012,Ghana,8,4,3,1,13,6,7,0.5,3,3,0.375,0.375,1.625,0.75,0.875,2,0,2,0,0,2,-2,0,2,2,1,1,0,1,-1,6,4,1,1,13,4,9,0.666666666666667,1,1,0.166666666666667,0.166666666666667,2.16666666666667,0.666666666666667,1.5,,,,,,,,,,,,,,,
2013,Ghana,12,8,2,2,28,11,17,0.666666666666667,0,0,0,0,2.33333333333333,0.916666666666667,1.41666666666667,6,3,2,1,11,7,4,0.5,0,0,0,0,1.83333333333333,1.16666666666667,0.666666666666667,6,5,0,1,17,4,13,0.833333333333333,0,0,0,0,2.83333333333333,0.666666666666667,2.16666666666667,,,,,,,,,,,,,,,
2014,Ghana,13,5,5,3,20,15,5,0.384615384615385,3,3,0.230769230769231,0.230769230769231,1.53846153846154,1.15384615384615,0.384615384615385,6,2,3,1,5,6,-1,0.333333333333333,3,3,0.5,0.5,0.833333333333333,1,-0.166666666666667,4,3,0,1,11,3,8,0.75,0,0,0,0,2.75,0.75,2,3,0,2,1,4,6,-2,0,0,0,0,0,1.33333333333333,2,-0.666666666666667
2015,Ghana,15,9,2,4,27,10,17,0.6,2,2,0.133333333333333,0.133333333333333,1.8,0.666666666666667,1.13333333333333,4,3,0,1,6,3,3,0.75,1,1,0.25,0.25,1.5,0.75,0.75,7,4,2,1,14,6,8,0.571428571428571,0,0,0,0,2,0.857142857142857,1.14285714285714,4,2,0,2,7,1,6,0.5,1,1,0.25,0.25,1.75,0.25,1.5
2016,Ghana,8,2,2,4,7,6,1,0.25,4,4,0.5,0.5,0.875,0.75,0.125,5,1,2,2,3,4,-1,0.2,3,3,0.6,0.6,0.6,0.8,-0.2,3,1,0,2,4,2,2,0.333333333333333,1,1,0.333333333333333,0.333333333333333,1.33333333333333,0.666666666666667,0.666666666666667,,,,,,,,,,,,,,,
2017,Ghana,13,5,5,3,17,11,6,0.384615384615385,5,5,0.384615384615385,0.384615384615385,1.30769230769231,0.846153846153846,0.461538461538462,8,2,5,1,8,9,-1,0.25,5,5,0.625,0.625,1,1.125,-0.125,5,3,0,2,9,2,7,0.6,0,0,0,0,1.8,0.4,1.4,,,,,,,,,,,,,,,
2018,Ghana,4,2,1,1,6,3,3,0.5,1,1,0.25,0.25,1.5,0.75,0.75,4,2,1,1,6,3,3,0.5,1,1,0.25,0.25,1.5,0.75,0.75,,,,,,,,,,,,,,,,,,,,,,,,,,,,,,
2019,Ghana,8,5,0,3,12,4,8,0.625,1,1,0.125,0.125,1.5,0.5,1,1,1,0,0,1,0,1,1,0,0,0,0,1,0,1,3,3,0,0,6,1,5,1,0,0,0,0,2,0.333333333333333,1.66666666666667,4,1,0,3,5,3,2,0.25,1,1,0.25,0.25,1.25,0.75,0.5
2020,Ghana,4,2,2,0,7,5,2,0.5,2,2,0.5,0.5,1.75,1.25,0.5,1,0,1,0,0,1,-1,0,1,1,1,1,0,1,-1,1,1,0,0,2,0,2,1,0,0,0,0,2,0,2,2,1,1,0,5,4,1,0.5,1,1,0.5,0.5,2.5,2,0.5
2021,Ghana,10,5,2,3,11,6,5,0.5,3,3,0.3,0.3,1.1,0.6,0.5,5,1,2,2,3,4,-1,0.2,2,2,0.4,0.4,0.6,0.8,-0.2,5,4,0,1,8,2,6,0.8,1,1,0.2,0.2,1.6,0.4,1.2,,,,,,,,,,,,,,,
2022,Ghana,11,2,5,4,11,16,-5,0.181818181818182,4,4,0.363636363636364,0.363636363636364,1,1.45454545454545,-0.454545454545455,1,0,0,1,1,1,0,0,0,0,0,0,1,1,0,2,1,0,1,3,0,3,0.5,1,1,0.5,0.5,1.5,0,1.5,8,1,5,2,7,15,-8,0.125,3,3,0.375,0.375,0.875,1.875,-1
2011,IR Iran,7,5,0,2,20,3,17,0.714285714285714,0,0,0,0,2.85714285714286,0.428571428571429,2.42857142857143,4,2,0,2,7,3,4,0.5,0,0,0,0,1.75,0.75,1,3,3,0,0,13,0,13,1,0,0,0,0,4.33333333333333,0,4.33333333333333,,,,,,,,,,,,,,,
2012,IR Iran,6,2,2,2,4,4,0,0.333333333333333,3,3,0.5,0.5,0.666666666666667,0.666666666666667,0,2,1,1,0,1,1,0,0.5,1,1,0.5,0.5,0.5,0.5,0,4,1,1,2,3,3,0,0.25,2,2,0.5,0.5,0.75,0.75,0,,,,,,,,,,,,,,,
2013,IR Iran,8,7,0,1,21,3,18,0.875,0,0,0,0,2.625,0.375,2.25,5,4,0,1,10,2,8,0.8,0,0,0,0,2,0.4,1.6,3,3,0,0,11,1,10,1,0,0,0,0,3.66666666666667,0.333333333333333,3.33333333333333,,,,,,,,,,,,,,,
2014,IR Iran,10,3,3,4,9,9,0,0.3,4,4,0.4,0.4,0.9,0.9,0,,,,,,,,,,,,,,,,,,,,,,,,,,,,,,,,,,,,,,,,,,,,,
2015,IR Iran,14,9,1,4,32,10,22,0.642857142857143,0,0,0,0,2.28571428571429,0.714285714285714,1.57142857142857,6,3,1,2,13,5,8,0.5,0,0,0,0,2.16666666666667,0.833333333333333,1.33333333333333,4,3,0,1,12,2,10,0.75,0,0,0,0,3,0.5,2.5,4,3,0,1,7,3,4,0.75,0,0,0,0,1.75,0.75,1
2016,IR Iran,10,8,0,2,27,2,25,0.8,2,2,0.2,0.2,2.7,0.2,2.5,4,2,0,2,4,1,3,0.5,2,2,0.5,0.5,1,0.25,0.75,6,6,0,0,23,1,22,1,0,0,0,0,3.83333333333333,0.166666666666667,3.66666666666667,,,,,,,,,,,,,,,
2017,IR Iran,11,7,1,3,14,6,8,0.636363636363636,2,2,0.181818181818182,0.181818181818182,1.27272727272727,0.545454545454545,0.727272727272727,5,3,0,2,5,2,3,0.6,1,1,0.2,0.2,1,0.4,0.6,6,4,1,1,9,4,5,0.666666666666667,1,1,0.166666666666667,0.166666666666667,1.5,0.666666666666667,0.833333333333333,,,,,,,,,,,,,,,
2018,IR Iran,15,9,3,3,19,10,9,0.6,2,2,0.133333333333333,0.133333333333333,1.26666666666667,0.666666666666667,0.6,4,2,2,0,4,4,0,0.5,1,1,0.25,0.25,1,1,0,7,6,0,1,12,3,9,0.857142857142857,0,0,0,0,1.71428571428571,0.428571428571429,1.28571428571429,4,1,1,2,3,3,0,0.25,1,1,0.25,0.25,0.75,0.75,0
2019,IR Iran,12,7,3,2,35,7,28,0.583333333333333,3,3,0.25,0.25,2.91666666666667,0.583333333333333,2.33333333333333,4,1,2,1,4,4,0,0.25,1,1,0.25,0.25,1,1,0,2,2,0,0,19,0,19,1,0,0,0,0,9.5,0,9.5,6,4,1,1,12,3,9,0.666666666666667,2,2,0.333333333333333,0.333333333333333,2,0.5,1.5
2020,IR Iran,2,2,0,0,4,1,3,1,0,0,0,0,2,0.5,1.5,2,2,0,0,4,1,3,1,0,0,0,0,2,0.5,1.5,,,,,,,,,,,,,,,,,,,,,,,,,,,,,,
2021,IR Iran,11,10,0,1,31,3,28,0.909090909090909,0,0,0,0,2.81818181818182,0.272727272727273,2.54545454545455,5,5,0,0,19,1,18,1,0,0,0,0,3.8,0.2,3.6,6,5,0,1,12,2,10,0.833333333333333,0,0,0,0,2,0.333333333333333,1.66666666666667,,,,,,,,,,,,,,,
2022,IR Iran,10,6,3,1,12,11,1,0.6,1,1,0.1,0.1,1.2,1.1,0.1,1,0,1,0,0,2,-2,0,1,1,1,1,0,2,-2,4,4,0,0,5,0,5,1,0,0,0,0,1.25,0,1.25,5,2,2,1,7,9,-2,0.4,0,0,0,0,1.4,1.8,-0.4
2011,Japan,5,3,1,1,14,2,12,0.6,1,1,0.2,0.2,2.8,0.4,2.4,3,1,1,1,5,2,3,0.333333333333333,1,1,0.333333333333333,0.333333333333333,1.66666666666667,0.666666666666667,1,2,2,0,0,9,0,9,1,0,0,0,0,4.5,0,4.5,,,,,,,,,,,,,,,
2012,Japan,6,4,1,1,13,3,10,0.666666666666667,1,1,0.166666666666667,0.166666666666667,2.16666666666667,0.5,1.66666666666667,2,1,0,1,3,2,1,0.5,0,0,0,0,1.5,1,0.5,4,3,1,0,10,1,9,0.75,1,1,0.25,0.25,2.5,0.25,2.25,,,,,,,,,,,,,,,
2013,Japan,6,1,4,1,7,12,-5,0.166666666666667,1,1,0.166666666666667,0.166666666666667,1.16666666666667,2,-0.833333333333333,4,1,3,0,5,9,-4,0.25,1,1,0.25,0.25,1.25,2.25,-1,2,0,1,1,2,3,-1,0,0,0,0,0,1,1.5,-0.5,,,,,,,,,,,,,,,
2014,Japan,13,8,4,1,26,19,7,0.615384615384615,3,3,0.230769230769231,0.230769230769231,2,1.46153846153846,0.538461538461538,,,,,,,,,,,,,,,,,,,,,,,,,,,,,,,,,,,,,,,,,,,,,
2015,Japan,14,11,0,3,37,3,34,0.785714285714286,1,1,0.0714285714285714,0.0714285714285714,2.64285714285714,0.214285714285714,2.42857142857143,5,4,0,1,15,1,14,0.8,0,0,0,0,3,0.2,2.8,5,4,0,1,14,1,13,0.8,1,1,0.2,0.2,2.8,0.2,2.6,4,3,0,1,8,1,7,0.75,0,0,0,0,2,0.25,1.75
2016,Japan,8,6,1,1,22,5,17,0.75,0,0,0,0,2.75,0.625,2.125,2,1,0,1,3,1,2,0.5,0,0,0,0,1.5,0.5,1,6,5,1,0,19,4,15,0.833333333333333,0,0,0,0,3.16666666666667,0.666666666666667,2.5,,,,,,,,,,,,,,,
2017,Japan,10,4,3,3,16,11,5,0.4,2,2,0.2,0.2,1.6,1.1,0.5,4,1,2,1,3,3,0,0.25,2,2,0.5,0.5,0.75,0.75,0,6,3,1,2,13,8,5,0.5,0,0,0,0,2.16666666666667,1.33333333333333,0.833333333333333,,,,,,,,,,,,,,,
2018,Japan,14,6,5,3,27,20,7,0.428571428571429,3,3,0.214285714285714,0.214285714285714,1.92857142857143,1.42857142857143,0.5,1,0,1,0,0,2,-2,0,1,1,1,1,0,2,-2,9,5,2,2,21,11,10,0.555555555555556,1,1,0.111111111111111,0.111111111111111,2.33333333333333,1.22222222222222,1.11111111111111,4,1,2,1,6,7,-1,0.25,1,1,0.25,0.25,1.5,1.75,-0.25
2019,Japan,20,13,4,3,34,18,16,0.65,3,3,0.15,0.15,1.7,0.9,0.8,3,3,0,0,7,0,7,1,0,0,0,0,2.33333333333333,0,2.33333333333333,7,4,2,1,12,5,7,0.571428571428571,2,2,0.285714285714286,0.285714285714286,1.71428571428571,0.714285714285714,1,10,6,2,2,15,13,2,0.6,1,1,0.1,0.1,1.5,1.3,0.2
2020,Japan,4,2,1,1,2,2,0,0.5,2,2,0.5,0.5,0.5,0.5,0,,,,,,,,,,,,,,,,,,,,,,,,,,,,,,,,,,,,,,,,,,,,,
2021,Japan,12,10,2,0,42,5,37,0.833333333333333,2,2,0.166666666666667,0.166666666666667,3.5,0.416666666666667,3.08333333333333,5,4,1,0,17,1,16,0.8,1,1,0.2,0.2,3.4,0.2,3.2,7,6,1,0,25,4,21,0.857142857142857,1,1,0.142857142857143,0.142857142857143,3.57142857142857,0.571428571428571,3,,,,,,,,,,,,,,,
2022,Japan,9,6,1,2,15,4,11,0.666666666666667,2,2,0.222222222222222,0.222222222222222,1.66666666666667,0.444444444444444,1.22222222222222,1,1,0,0,2,0,2,1,0,0,0,0,2,0,2,5,3,1,1,9,3,6,0.6,1,1,0.2,0.2,1.8,0.6,1.2,3,2,0,1,4,1,3,0.666666666666667,1,1,0.333333333333333,0.333333333333333,1.33333333333333,0.333333333333333,1
2011,Korea Republic,5,3,1,1,12,4,8,0.6,0,0,0,0,2.4,0.8,1.6,3,1,1,1,4,3,1,0.333333333333333,0,0,0,0,1.33333333333333,1,0.333333333333333,2,2,0,0,8,1,7,1,0,0,0,0,4,0.5,3.5,,,,,,,,,,,,,,,
2012,Korea Republic,5,3,1,1,11,4,7,0.6,1,1,0.2,0.2,2.2,0.8,1.4,3,1,1,1,6,4,2,0.333333333333333,1,1,0.333333333333333,0.333333333333333,2,1.33333333333333,0.666666666666667,2,2,0,0,5,0,5,1,0,0,0,0,2.5,0,2.5,,,,,,,,,,,,,,,
2013,Korea Republic,4,2,1,1,4,3,1,0.5,1,1,0.25,0.25,1,0.75,0.25,1,0,0,1,1,1,0,0,0,0,0,0,1,1,0,3,2,1,0,3,2,1,0.666666666666667,1,1,0.333333333333333,0.333333333333333,1,0.666666666666667,0.333333333333333,,,,,,,,,,,,,,,
2014,Korea Republic,15,5,9,1,13,23,-10,0.333333333333333,7,7,0.466666666666667,0.466666666666667,0.866666666666667,1.53333333333333,-0.666666666666667,5,2,3,0,3,7,-4,0.4,3,3,0.6,0.6,0.6,1.4,-0.8,5,2,3,0,6,6,0,0.4,2,2,0.4,0.4,1.2,1.2,0,5,1,3,1,4,10,-6,0.2,2,2,0.4,0.4,0.8,2,-1.2
2015,Korea Republic,16,14,1,1,39,3,36,0.875,0,0,0,0,2.4375,0.1875,2.25,4,4,0,0,11,0,11,1,0,0,0,0,2.75,0,2.75,6,5,0,1,20,1,19,0.833333333333333,0,0,0,0,3.33333333333333,0.166666666666667,3.16666666666667,6,5,1,0,8,2,6,0.833333333333333,0,0,0,0,1.33333333333333,0.333333333333333,1
2016,Korea Republic,11,8,2,1,18,13,5,0.727272727272727,2,2,0.181818181818182,0.181818181818182,1.63636363636364,1.18181818181818,0.454545454545455,4,2,1,1,3,2,1,0.5,2,2,0.5,0.5,0.75,0.5,0.25,7,6,1,0,15,11,4,0.857142857142857,0,0,0,0,2.14285714285714,1.57142857142857,0.571428571428571,,,,,,,,,,,,,,,
2017,Korea Republic,10,2,4,4,9,13,-4,0.2,4,4,0.4,0.4,0.9,1.3,-0.4,5,0,3,2,4,8,-4,0,3,3,0.6,0.6,0.8,1.6,-0.8,5,2,1,2,5,5,0,0.4,1,1,0.2,0.2,1,1,0,,,,,,,,,,,,,,,
2018,Korea Republic,19,7,6,6,24,19,5,0.368421052631579,5,5,0.263157894736842,0.263157894736842,1.26315789473684,1,0.263157894736842,4,1,2,1,8,6,2,0.25,0,0,0,0,2,1.5,0.5,11,5,2,4,13,10,3,0.454545454545455,3,3,0.272727272727273,0.272727272727273,1.18181818181818,0.909090909090909,0.272727272727273,4,1,2,1,3,3,0,0.25,2,2,0.5,0.5,0.75,0.75,0
2019,Korea Republic,14,9,2,3,23,9,14,0.642857142857143,3,3,0.214285714285714,0.214285714285714,1.64285714285714,0.642857142857143,1,2,1,0,1,2,0,2,0.5,1,1,0.5,0.5,1,0,1,5,4,0,1,13,2,11,0.8,0,0,0,0,2.6,0.4,2.2,7,4,2,1,8,7,1,0.571428571428571,2,2,0.285714285714286,0.285714285714286,1.14285714285714,1,0.142857142857143
2020,Korea Republic,2,1,1,0,4,4,0,0.5,0,0,0,0,2,2,0,,,,,,,,,,,,,,,,,,,,,,,,,,,,,,,,,,,,,,,,,,,,,
2021,Korea Republic,10,7,1,2,20,6,14,0.7,2,2,0.2,0.2,2,0.6,1.4,4,2,1,1,9,4,5,0.5,1,1,0.25,0.25,2.25,1,1.25,6,5,0,1,11,2,9,0.833333333333333,1,1,0.166666666666667,0.166666666666667,1.83333333333333,0.333333333333333,1.5,,,,,,,,,,,,,,,
2022,Korea Republic,14,9,2,3,27,12,15,0.642857142857143,2,2,0.142857142857143,0.142857142857143,1.92857142857143,0.857142857142857,1.07142857142857,2,1,1,0,1,1,0,0.5,1,1,0.5,0.5,0.5,0.5,0,8,5,1,2,15,10,5,0.625,0,0,0,0,1.875,1.25,0.625,4,3,0,1,11,1,10,0.75,1,1,0.25,0.25,2.75,0.25,2.5
2012,Mexico,6,6,0,0,15,2,13,1,0,0,0,0,2.5,0.333333333333333,2.16666666666667,3,3,0,0,9,1,8,1,0,0,0,0,3,0.333333333333333,2.66666666666667,3,3,0,0,6,1,5,1,0,0,0,0,2,0.333333333333333,1.66666666666667,,,,,,,,,,,,,,,
2013,Mexico,13,3,5,5,10,14,-4,0.230769230769231,6,6,0.461538461538462,0.461538461538462,0.769230769230769,1.07692307692308,-0.307692307692308,7,2,3,2,6,9,-3,0.285714285714286,3,3,0.428571428571429,0.428571428571429,0.857142857142857,1.28571428571429,-0.428571428571429,6,1,2,3,4,5,-1,0.166666666666667,3,3,0.5,0.5,0.666666666666667,0.833333333333333,-0.166666666666667,,,,,,,,,,,,,,,
2014,Mexico,15,9,2,4,26,11,15,0.6,3,3,0.2,0.2,1.73333333333333,0.733333333333333,1,5,2,1,2,8,7,1,0.4,1,1,0.2,0.2,1.6,1.4,0.2,4,4,0,0,9,1,8,1,0,0,0,0,2.25,0.25,2,6,3,1,2,9,3,6,0.5,2,2,0.333333333333333,0.333333333333333,1.5,0.5,1
2015,Mexico,22,10,3,9,39,23,16,0.454545454545455,5,5,0.227272727272727,0.227272727272727,1.77272727272727,1.04545454545455,0.727272727272727,9,3,2,4,10,9,1,0.333333333333333,4,4,0.444444444444444,0.444444444444444,1.11111111111111,1,0.111111111111111,10,7,0,3,25,9,16,0.7,0,0,0,0,2.5,0.9,1.6,3,0,1,2,4,5,-1,0,1,1,0.333333333333333,0.333333333333333,1.33333333333333,1.66666666666667,-0.333333333333333
2016,Mexico,15,11,1,3,23,12,11,0.733333333333333,3,3,0.2,0.2,1.53333333333333,0.8,0.733333333333333,5,4,0,1,9,2,7,0.8,1,1,0.2,0.2,1.8,0.4,1.4,10,7,1,2,14,10,4,0.7,2,2,0.2,0.2,1.4,1,0.4,,,,,,,,,,,,,,,
2017,Mexico,25,15,5,5,40,25,15,0.6,2,2,0.08,0.08,1.6,1,0.6,6,3,1,2,10,7,3,0.5,0,0,0,0,1.66666666666667,1.16666666666667,0.5,14,10,2,2,22,8,14,0.714285714285714,2,2,0.142857142857143,0.142857142857143,1.57142857142857,0.571428571428571,1,5,2,2,1,8,10,-2,0.4,0,0,0,0,1.6,2,-0.4
2018,Mexico,16,6,9,1,12,21,-9,0.375,9,9,0.5625,0.5625,0.75,1.3125,-0.5625,4,0,4,0,0,7,-7,0,4,4,1,1,0,1.75,-1.75,8,4,3,1,9,8,1,0.5,3,3,0.375,0.375,1.125,1,0.125,4,2,2,0,3,6,-3,0.5,2,2,0.5,0.5,0.75,1.5,-0.75
2019,Mexico,13,11,1,1,34,14,20,0.846153846153846,1,1,0.0769230769230769,0.0769230769230769,2.61538461538462,1.07692307692308,1.53846153846154,4,3,1,0,7,6,1,0.75,1,1,0.25,0.25,1.75,1.5,0.25,7,6,0,1,20,5,15,0.857142857142857,0,0,0,0,2.85714285714286,0.714285714285714,2.14285714285714,2,2,0,0,7,3,4,1,0,0,0,0,3.5,1.5,2
2020,Mexico,5,4,0,1,11,4,7,0.8,0,0,0,0,2.2,0.8,1.4,1,1,0,0,1,0,1,1,0,0,0,0,1,0,1,2,1,0,1,5,2,3,0.5,0,0,0,0,2.5,1,1.5,2,2,0,0,5,2,3,1,0,0,0,0,2.5,1,1.5
2021,Mexico,22,12,5,5,34,16,18,0.545454545454545,5,5,0.227272727272727,0.227272727272727,1.54545454545455,0.727272727272727,0.818181818181818,8,3,4,1,8,7,1,0.375,3,3,0.375,0.375,1,0.875,0.125,12,7,1,4,22,9,13,0.583333333333333,2,2,0.166666666666667,0.166666666666667,1.83333333333333,0.75,1.08333333333333,2,2,0,0,4,0,4,1,0,0,0,0,2,0,2
2022,Mexico,16,7,4,5,17,10,7,0.4375,7,7,0.4375,0.4375,1.0625,0.625,0.4375,2,2,0,0,3,1,2,1,0,0,0,0,1.5,0.5,1,8,4,1,3,11,2,9,0.5,3,3,0.375,0.375,1.375,0.25,1.125,6,1,3,2,3,7,-4,0.166666666666667,4,4,0.666666666666667,0.666666666666667,0.5,1.16666666666667,-0.666666666666667
2012,Morocco,5,1,2,2,7,8,-1,0.2,0,0,0,0,1.4,1.6,-0.2,3,1,1,1,4,4,0,0.333333333333333,0,0,0,0,1.33333333333333,1.33333333333333,0,2,0,1,1,3,4,-1,0,0,0,0,0,1.5,2,-0.5,,,,,,,,,,,,,,,
2013,Morocco,7,2,1,4,9,8,1,0.285714285714286,1,1,0.142857142857143,0.142857142857143,1.28571428571429,1.14285714285714,0.142857142857143,3,0,1,2,2,4,-2,0,1,1,0.333333333333333,0.333333333333333,0.666666666666667,1.33333333333333,-0.666666666666667,4,2,0,2,7,4,3,0.5,0,0,0,0,1.75,1,0.75,,,,,,,,,,,,,,,
2014,Morocco,10,6,2,2,23,7,16,0.6,3,3,0.3,0.3,2.3,0.7,1.6,1,0,1,0,0,2,-2,0,1,1,1,1,0,2,-2,9,6,1,2,23,5,18,0.666666666666667,2,2,0.222222222222222,0.222222222222222,2.55555555555556,0.555555555555556,2,,,,,,,,,,,,,,,
2015,Morocco,7,3,3,1,7,4,3,0.428571428571429,3,3,0.428571428571429,0.428571428571429,1,0.571428571428571,0.428571428571429,2,1,1,0,3,1,2,0.5,1,1,0.5,0.5,1.5,0.5,1,5,2,2,1,4,3,1,0.4,2,2,0.4,0.4,0.8,0.6,0.2,,,,,,,,,,,,,,,
2016,Morocco,10,6,0,4,14,2,12,0.6,3,3,0.3,0.3,1.4,0.2,1.2,4,1,0,3,2,1,1,0.25,2,2,0.5,0.5,0.5,0.25,0.25,6,5,0,1,12,1,11,0.833333333333333,1,1,0.166666666666667,0.166666666666667,2,0.166666666666667,1.83333333333333,,,,,,,,,,,,,,,
2017,Morocco,13,8,4,1,22,7,15,0.615384615384615,4,4,0.307692307692308,0.307692307692308,1.69230769230769,0.538461538461538,1.15384615384615,6,2,3,1,5,4,1,0.333333333333333,4,4,0.666666666666667,0.666666666666667,0.833333333333333,0.666666666666667,0.166666666666667,7,6,1,0,17,3,14,0.857142857142857,0,0,0,0,2.42857142857143,0.428571428571429,2,,,,,,,,,,,,,,,
2018,Morocco,13,8,2,3,20,9,11,0.615384615384615,3,3,0.230769230769231,0.230769230769231,1.53846153846154,0.692307692307692,0.846153846153846,3,2,0,1,6,3,3,0.666666666666667,0,0,0,0,2,1,1,7,6,0,1,12,2,10,0.857142857142857,1,1,0.142857142857143,0.142857142857143,1.71428571428571,0.285714285714286,1.42857142857143,3,0,2,1,2,4,-2,0,2,2,0.666666666666667,0.666666666666667,0.666666666666667,1.33333333333333,-0.666666666666667
2019,Morocco,13,5,3,5,14,10,4,0.384615384615385,3,3,0.230769230769231,0.230769230769231,1.07692307692308,0.769230769230769,0.307692307692308,2,1,0,1,3,0,3,0.5,1,1,0.5,0.5,1.5,0,1.5,7,1,3,3,7,9,-2,0.142857142857143,2,2,0.285714285714286,0.285714285714286,1,1.28571428571429,-0.285714285714286,4,3,0,1,4,1,3,0.75,0,0,0,0,1,0.25,0.75
2020,Morocco,4,3,0,1,10,3,7,0.75,0,0,0,0,2.5,0.75,1.75,1,1,0,0,2,0,2,1,0,0,0,0,2,0,2,3,2,0,1,8,3,5,0.666666666666667,0,0,0,0,2.66666666666667,1,1.66666666666667,,,,,,,,,,,,,,,
2021,Morocco,10,9,0,1,23,1,22,0.9,1,1,0.1,0.1,2.3,0.1,2.2,4,3,0,1,10,1,9,0.75,1,1,0.25,0.25,2.5,0.25,2.25,6,6,0,0,13,0,13,1,0,0,0,0,2.16666666666667,0,2.16666666666667,,,,,,,,,,,,,,,
2022,Morocco,13,7,2,4,19,11,8,0.538461538461538,3,3,0.230769230769231,0.230769230769231,1.46153846153846,0.846153846153846,0.615384615384615,2,0,1,1,1,4,-3,0,1,1,0.5,0.5,0.5,2,-1.5,3,3,0,0,8,2,6,1,0,0,0,0,2.66666666666667,0.666666666666667,2,8,4,1,3,10,5,5,0.5,2,2,0.25,0.25,1.25,0.625,0.625
2010,Netherlands,4,4,0,0,12,2,10,1,0,0,0,0,3,0.5,2.5,2,2,0,0,6,0,6,1,0,0,0,0,3,0,3,2,2,0,0,6,2,4,1,0,0,0,0,3,1,2,,,,,,,,,,,,,,,
2011,Netherlands,6,5,1,0,25,6,19,0.833333333333333,0,0,0,0,4.16666666666667,1,3.16666666666667,3,2,1,0,8,3,5,0.666666666666667,0,0,0,0,2.66666666666667,1,1.66666666666667,3,3,0,0,17,3,14,1,0,0,0,0,5.66666666666667,1,4.66666666666667,,,,,,,,,,,,,,,
2012,Netherlands,7,4,3,0,15,7,8,0.571428571428571,1,1,0.142857142857143,0.142857142857143,2.14285714285714,1,1.14285714285714,3,2,1,0,9,4,5,0.666666666666667,0,0,0,0,3,1.33333333333333,1.66666666666667,4,2,2,0,6,3,3,0.5,1,1,0.25,0.25,1.5,0.75,0.75,,,,,,,,,,,,,,,
2013,Netherlands,6,5,0,1,21,3,18,0.833333333333333,0,0,0,0,3.5,0.5,3,3,2,0,1,6,2,4,0.666666666666667,0,0,0,0,2,0.666666666666667,1.33333333333333,3,3,0,0,15,1,14,1,0,0,0,0,5,0.333333333333333,4.66666666666667,,,,,,,,,,,,,,,
2014,Netherlands,17,9,5,3,31,17,14,0.529411764705882,5,5,0.294117647058824,0.294117647058824,1.82352941176471,1,0.823529411764706,4,0,4,0,1,8,-7,0,3,3,0.75,0.75,0.25,2,-1.75,6,4,1,1,15,5,10,0.666666666666667,0,0,0,0,2.5,0.833333333333333,1.66666666666667,7,5,0,2,15,4,11,0.714285714285714,2,2,0.285714285714286,0.285714285714286,2.14285714285714,0.571428571428571,1.57142857142857
2015,Netherlands,10,4,4,1,15,15,0,0.4,3,3,0.3,0.3,1.5,1.5,0,5,3,1,0,7,6,1,0.6,2,2,0.4,0.4,1.4,1.2,0.2,5,1,3,1,8,9,-1,0.2,1,1,0.2,0.2,1.6,1.8,-0.2,,,,,,,,,,,,,,,
2016,Netherlands,11,5,3,3,19,13,6,0.454545454545455,1,1,0.0909090909090909,0.0909090909090909,1.72727272727273,1.18181818181818,0.545454545454545,6,4,0,2,11,5,6,0.666666666666667,0,0,0,0,1.83333333333333,0.833333333333333,1,5,1,3,1,8,8,0,0.2,1,1,0.2,0.2,1.6,1.6,0,,,,,,,,,,,,,,,
2017,Netherlands,11,8,3,0,25,11,14,0.727272727272727,2,2,0.181818181818182,0.181818181818182,2.27272727272727,1,1.27272727272727,6,4,2,0,9,8,1,0.666666666666667,2,2,0.333333333333333,0.333333333333333,1.5,1.33333333333333,0.166666666666667,5,4,1,0,16,3,13,0.8,0,0,0,0,3.2,0.6,2.6,,,,,,,,,,,,,,,
2018,Netherlands,10,4,2,4,16,9,7,0.4,1,1,0.1,0.1,1.6,0.9,0.7,6,1,1,4,9,7,2,0.166666666666667,0,0,0,0,1.5,1.16666666666667,0.333333333333333,4,3,1,0,7,2,5,0.75,1,1,0.25,0.25,1.75,0.5,1.25,,,,,,,,,,,,,,,
2019,Netherlands,8,6,1,1,24,7,17,0.75,1,1,0.125,0.125,3,0.875,2.125,4,3,0,1,10,3,7,0.75,1,1,0.25,0.25,2.5,0.75,1.75,4,3,1,0,14,4,10,0.75,0,0,0,0,3.5,1,2.5,,,,,,,,,,,,,,,
2020,Netherlands,8,3,2,3,8,6,2,0.375,3,3,0.375,0.375,1,0.75,0.25,3,1,0,2,3,2,1,0.333333333333333,1,1,0.333333333333333,0.333333333333333,1,0.666666666666667,0.333333333333333,5,2,2,1,5,4,1,0.4,2,2,0.4,0.4,1,0.8,0.2,,,,,,,,,,,,,,,
2021,Netherlands,16,11,2,3,46,14,32,0.6875,1,1,0.0625,0.0625,2.875,0.875,2,5,2,1,2,13,7,6,0.4,0,0,0,0,2.6,1.4,1.2,7,6,0,1,25,3,22,0.857142857142857,0,0,0,0,3.57142857142857,0.428571428571429,3.14285714285714,4,3,1,0,8,4,4,0.75,1,1,0.25,0.25,2,1,1
2022,Netherlands,10,7,0,3,22,10,12,0.7,0,0,0,0,2.2,1,1.2,3,3,0,0,8,2,6,1,0,0,0,0,2.66666666666667,0.666666666666667,2,5,3,0,2,11,7,4,0.6,0,0,0,0,2.2,1.4,0.8,2,1,0,1,3,1,2,0.5,0,0,0,0,1.5,0.5,1
2012,Poland,6,1,1,4,7,6,1,0.166666666666667,1,1,0.166666666666667,0.166666666666667,1.16666666666667,1,0.166666666666667,2,0,1,1,2,3,-1,0,1,1,0.5,0.5,1,1.5,-0.5,4,1,0,3,5,3,2,0.25,0,0,0,0,1.25,0.75,0.5,,,,,,,,,,,,,,,
2013,Poland,7,2,3,2,13,9,4,0.285714285714286,2,2,0.285714285714286,0.285714285714286,1.85714285714286,1.28571428571429,0.571428571428571,4,1,2,1,6,5,1,0.25,2,2,0.5,0.5,1.5,1.25,0.25,3,1,1,1,7,4,3,0.333333333333333,0,0,0,0,2.33333333333333,1.33333333333333,1,,,,,,,,,,,,,,,
2014,Poland,10,6,1,3,23,6,17,0.6,2,2,0.2,0.2,2.3,0.6,1.7,3,2,0,1,11,0,11,0.666666666666667,1,1,0.333333333333333,0.333333333333333,3.66666666666667,0,3.66666666666667,5,2,1,2,8,6,2,0.4,1,1,0.2,0.2,1.6,1.2,0.4,2,2,0,0,4,0,4,1,0,0,0,0,2,0,2
2015,Poland,9,5,1,3,25,11,14,0.555555555555556,1,1,0.111111111111111,0.111111111111111,2.77777777777778,1.22222222222222,1.55555555555556,3,0,1,2,4,6,-2,0,0,0,0,0,1.33333333333333,2,-0.666666666666667,6,5,0,1,21,5,16,0.833333333333333,1,1,0.166666666666667,0.166666666666667,3.5,0.833333333333333,2.66666666666667,,,,,,,,,,,,,,,
2016,Poland,14,7,1,6,22,10,12,0.5,2,2,0.142857142857143,0.142857142857143,1.57142857142857,0.714285714285714,0.857142857142857,2,1,0,1,5,2,3,0.5,0,0,0,0,2.5,1,1.5,7,4,1,2,13,6,7,0.571428571428571,1,1,0.142857142857143,0.142857142857143,1.85714285714286,0.857142857142857,1,5,2,0,3,4,2,2,0.4,1,1,0.2,0.2,0.8,0.4,0.4
2017,Poland,8,5,2,1,18,10,8,0.625,3,3,0.375,0.375,2.25,1.25,1,3,2,1,0,8,6,2,0.666666666666667,1,1,0.333333333333333,0.333333333333333,2.66666666666667,2,0.666666666666667,5,3,1,1,10,4,6,0.6,2,2,0.4,0.4,2,0.8,1.2,,,,,,,,,,,,,,,
2018,Poland,13,3,6,4,16,18,-2,0.230769230769231,4,4,0.307692307692308,0.307692307692308,1.23076923076923,1.38461538461538,-0.153846153846154,2,0,0,2,2,2,0,0,0,0,0,0,1,1,0,8,2,4,2,12,11,1,0.25,3,3,0.375,0.375,1.5,1.375,0.125,3,1,2,0,2,5,-3,0.333333333333333,1,1,0.333333333333333,0.333333333333333,0.666666666666667,1.66666666666667,-1
2019,Poland,10,8,1,1,18,5,13,0.8,2,2,0.2,0.2,1.8,0.5,1.3,5,4,1,0,7,3,4,0.8,1,1,0.2,0.2,1.4,0.6,0.8,5,4,0,1,11,2,9,0.8,1,1,0.2,0.2,2.2,0.4,1.8,,,,,,,,,,,,,,,
2020,Poland,8,4,3,1,13,7,6,0.5,3,3,0.375,0.375,1.625,0.875,0.75,3,1,2,0,2,4,-2,0.333333333333333,2,2,0.666666666666667,0.666666666666667,0.666666666666667,1.33333333333333,-0.666666666666667,5,3,1,1,11,3,8,0.6,1,1,0.2,0.2,2.2,0.6,1.6,,,,,,,,,,,,,,,
2021,Poland,15,6,4,5,37,20,17,0.4,0,0,0,0,2.46666666666667,1.33333333333333,1.13333333333333,5,3,1,1,16,7,9,0.6,0,0,0,0,3.2,1.4,1.8,7,3,1,3,17,7,10,0.428571428571429,0,0,0,0,2.42857142857143,1,1.42857142857143,3,0,2,1,4,6,-2,0,0,0,0,0,1.33333333333333,2,-0.666666666666667
2022,Poland,10,4,3,3,10,13,-3,0.4,3,3,0.3,0.3,1,1.3,-0.3,4,1,1,2,5,9,-4,0.25,0,0,0,0,1.25,2.25,-1,5,3,2,0,5,4,1,0.6,2,2,0.4,0.4,1,0.8,0.2,1,0,0,1,0,0,0,0,1,1,1,1,0,0,0
2010,Portugal,4,2,1,1,10,7,3,0.5,1,1,0.25,0.25,2.5,1.75,0.75,2,1,1,0,3,2,1,0.5,1,1,0.5,0.5,1.5,1,0.5,2,1,0,1,7,5,2,0.5,0,0,0,0,3.5,2.5,1,,,,,,,,,,,,,,,
2011,Portugal,6,4,1,1,17,7,10,0.666666666666667,1,1,0.166666666666667,0.166666666666667,2.83333333333333,1.16666666666667,1.66666666666667,3,1,1,1,5,2,3,0.333333333333333,1,1,0.333333333333333,0.333333333333333,1.66666666666667,0.666666666666667,1,3,3,0,0,12,5,7,1,0,0,0,0,4,1.66666666666667,2.33333333333333,,,,,,,,,,,,,,,
2012,Portugal,9,5,2,2,12,7,5,0.555555555555556,3,3,0.333333333333333,0.333333333333333,1.33333333333333,0.777777777777778,0.555555555555556,5,3,2,0,6,5,1,0.6,2,2,0.4,0.4,1.2,1,0.2,4,2,0,2,6,2,4,0.5,1,1,0.25,0.25,1.5,0.5,1,,,,,,,,,,,,,,,
2013,Portugal,8,6,0,2,18,8,10,0.75,0,0,0,0,2.25,1,1.25,4,3,0,1,12,7,5,0.75,0,0,0,0,3,1.75,1.25,4,3,0,1,6,1,5,0.75,0,0,0,0,1.5,0.25,1.25,,,,,,,,,,,,,,,
2014,Portugal,10,6,3,1,18,12,6,0.6,2,2,0.2,0.2,1.8,1.2,0.6,4,3,1,0,8,3,5,0.75,0,0,0,0,2,0.75,1.25,3,2,1,0,6,2,4,0.666666666666667,1,1,0.333333333333333,0.333333333333333,2,0.666666666666667,1.33333333333333,3,1,1,1,4,7,-3,0.333333333333333,1,1,0.333333333333333,0.333333333333333,1.33333333333333,2.33333333333333,-1
2015,Portugal,10,7,3,0,12,8,4,0.7,3,3,0.3,0.3,1.2,0.8,0.4,6,5,1,0,9,4,5,0.833333333333333,1,1,0.166666666666667,0.166666666666667,1.5,0.666666666666667,0.833333333333333,4,2,2,0,3,4,-1,0.5,2,2,0.5,0.5,0.75,1,-0.25,,,,,,,,,,,,,,,
2016,Portugal,17,10,3,4,42,11,31,0.588235294117647,4,4,0.235294117647059,0.235294117647059,2.47058823529412,0.647058823529412,1.82352941176471,3,1,2,0,6,3,3,0.333333333333333,2,2,0.666666666666667,0.666666666666667,2,1,1,8,7,1,0,28,3,25,0.875,1,1,0.125,0.125,3.5,0.375,3.125,6,2,0,4,8,5,3,0.333333333333333,1,1,0.166666666666667,0.166666666666667,1.33333333333333,0.833333333333333,0.5
2017,Portugal,15,11,1,3,35,8,27,0.733333333333333,1,1,0.0666666666666667,0.0666666666666667,2.33333333333333,0.533333333333333,1.8,3,3,0,0,6,0,6,1,0,0,0,0,2,0,2,7,5,1,1,20,5,15,0.714285714285714,0,0,0,0,2.85714285714286,0.714285714285714,2.14285714285714,5,3,0,2,9,3,6,0.6,1,1,0.2,0.2,1.8,0.6,1.2
2018,Portugal,15,6,2,7,22,17,5,0.4,3,3,0.2,0.2,1.46666666666667,1.13333333333333,0.333333333333333,4,2,0,2,6,3,3,0.5,2,2,0.5,0.5,1.5,0.75,0.75,7,3,1,3,10,8,2,0.428571428571429,1,1,0.142857142857143,0.142857142857143,1.42857142857143,1.14285714285714,0.285714285714286,4,1,1,2,6,6,0,0.25,0,0,0,0,1.5,1.5,0
2019,Portugal,8,5,1,2,22,6,16,0.625,1,1,0.125,0.125,2.75,0.75,2,4,3,1,0,12,5,7,0.75,0,0,0,0,3,1.25,1.75,4,2,0,2,10,1,9,0.5,1,1,0.25,0.25,2.5,0.25,2.25,,,,,,,,,,,,,,,
2020,Portugal,8,5,1,2,19,4,15,0.625,3,3,0.375,0.375,2.375,0.5,1.875,3,2,0,1,5,2,3,0.666666666666667,1,1,0.333333333333333,0.333333333333333,1.66666666666667,0.666666666666667,1,5,3,1,1,14,2,12,0.6,2,2,0.4,0.4,2.8,0.4,2.4,,,,,,,,,,,,,,,
2021,Portugal,16,9,3,4,34,14,20,0.5625,3,3,0.1875,0.1875,2.125,0.875,1.25,6,3,0,3,11,4,7,0.5,2,2,0.333333333333333,0.333333333333333,1.83333333333333,0.666666666666667,1.16666666666667,6,5,1,0,16,3,13,0.833333333333333,0,0,0,0,2.66666666666667,0.5,2.16666666666667,4,1,2,1,7,7,0,0.25,1,1,0.25,0.25,1.75,1.75,0
2022,Portugal,9,6,2,1,19,6,13,0.666666666666667,2,2,0.222222222222222,0.222222222222222,2.11111111111111,0.666666666666667,1.44444444444444,3,1,1,1,5,2,3,0.333333333333333,1,1,0.333333333333333,0.333333333333333,1.66666666666667,0.666666666666667,1,5,4,1,0,11,2,9,0.8,1,1,0.2,0.2,2.2,0.4,1.8,1,1,0,0,3,2,1,1,0,0,0,0,3,2,1
2011,Qatar,7,3,1,3,12,5,7,0.428571428571429,2,2,0.285714285714286,0.285714285714286,1.71428571428571,0.714285714285714,1,3,1,1,1,4,4,0,0.333333333333333,1,1,0.333333333333333,0.333333333333333,1.33333333333333,1.33333333333333,0,4,2,0,2,8,1,7,0.5,1,1,0.25,0.25,2,0.25,1.75,,,,,,,,,,,,,,,
2012,Qatar,6,2,2,2,5,7,-2,0.333333333333333,2,2,0.333333333333333,0.333333333333333,0.833333333333333,1.16666666666667,-0.333333333333333,3,1,0,2,3,2,1,0.333333333333333,1,1,0.333333333333333,0.333333333333333,1,0.666666666666667,0.333333333333333,3,1,2,0,2,5,-3,0.333333333333333,1,1,0.333333333333333,0.333333333333333,0.666666666666667,1.66666666666667,-1,,,,,,,,,,,,,,,
2013,Qatar,8,4,4,0,15,10,5,0.5,2,2,0.25,0.25,1.875,1.25,0.625,5,2,3,0,7,9,-2,0.4,1,1,0.2,0.2,1.4,1.8,-0.4,3,2,1,0,8,1,7,0.666666666666667,1,1,0.333333333333333,0.333333333333333,2.66666666666667,0.333333333333333,2.33333333333333,,,,,,,,,,,,,,,
2014,Qatar,9,5,1,3,17,5,12,0.555555555555556,3,3,0.333333333333333,0.333333333333333,1.88888888888889,0.555555555555556,1.33333333333333,1,0,0,1,0,0,0,0,1,1,1,1,0,0,0,8,5,1,2,17,5,12,0.625,2,2,0.25,0.25,2.125,0.625,1.5,,,,,,,,,,,,,,,
2015,Qatar,15,9,5,1,37,13,24,0.6,2,2,0.133333333333333,0.133333333333333,2.46666666666667,0.866666666666667,1.6,5,3,1,1,8,4,4,0.6,1,1,0.2,0.2,1.6,0.8,0.8,7,6,1,0,27,2,25,0.857142857142857,0,0,0,0,3.85714285714286,0.285714285714286,3.57142857142857,3,0,3,0,2,7,-5,0,1,1,0.333333333333333,0.333333333333333,0.666666666666667,2.33333333333333,-1.66666666666667
2016,Qatar,13,7,5,1,19,15,4,0.538461538461538,4,4,0.307692307692308,0.307692307692308,1.46153846153846,1.15384615384615,0.307692307692308,5,0,4,1,3,10,-7,0,3,3,0.6,0.6,0.6,2,-1.4,8,7,1,0,16,5,11,0.875,1,1,0.125,0.125,2,0.625,1.375,,,,,,,,,,,,,,,
2017,Qatar,15,4,8,3,18,22,-4,0.266666666666667,3,3,0.2,0.2,1.2,1.46666666666667,-0.266666666666667,2,0,2,0,1,4,-3,0,1,1,0.5,0.5,0.5,2,-1.5,13,4,6,3,17,18,-1,0.307692307692308,2,2,0.153846153846154,0.153846153846154,1.30769230769231,1.38461538461538,-0.0769230769230769,,,,,,,,,,,,,,,
2018,Qatar,12,7,3,2,20,14,6,0.583333333333333,2,2,0.166666666666667,0.166666666666667,1.66666666666667,1.16666666666667,0.5,3,2,1,0,4,4,0,0.666666666666667,1,1,0.333333333333333,0.333333333333333,1.33333333333333,1.33333333333333,0,9,5,2,2,16,10,6,0.555555555555556,1,1,0.111111111111111,0.111111111111111,1.77777777777778,1.11111111111111,0.666666666666667,,,,,,,,,,,,,,,
2019,Qatar,17,12,3,2,34,9,25,0.705882352941177,4,4,0.235294117647059,0.235294117647059,2,0.529411764705882,1.47058823529412,2,1,1,0,2,2,0,0.5,1,1,0.5,0.5,1,1,0,4,3,0,1,10,1,9,0.75,1,1,0.25,0.25,2.5,0.25,2.25,11,8,2,1,22,6,16,0.727272727272727,2,2,0.181818181818182,0.181818181818182,2,0.545454545454545,1.45454545454545
2020,Qatar,4,1,2,1,8,8,0,0.25,0,0,0,0,2,2,0,1,0,1,0,1,2,-1,0,0,0,0,0,1,2,-1,2,1,0,1,6,1,5,0.5,0,0,0,0,3,0.5,2.5,1,0,1,0,1,5,-4,0,0,0,0,0,1,5,-4
2021,Qatar,18,8,6,4,23,29,-6,0.444444444444444,5,5,0.277777777777778,0.277777777777778,1.27777777777778,1.61111111111111,-0.333333333333333,9,4,3,2,11,14,-3,0.444444444444444,3,3,0.333333333333333,0.333333333333333,1.22222222222222,1.55555555555556,-0.333333333333333,9,4,3,2,12,15,-3,0.444444444444444,2,2,0.222222222222222,0.222222222222222,1.33333333333333,1.66666666666667,-0.333333333333333,,,,,,,,,,,,,,,
2022,Qatar,9,3,3,3,9,12,-3,0.333333333333333,3,3,0.333333333333333,0.333333333333333,1,1.33333333333333,-0.333333333333333,,,,,,,,,,,,,,,,,,,,,,,,,,,,,,,,,,,,,,,,,,,,,
2011,Saudi Arabia,7,3,1,3,12,3,9,0.428571428571429,3,3,0.428571428571429,0.428571428571429,1.71428571428571,0.428571428571429,1.28571428571429,3,1,0,2,5,0,5,0.333333333333333,2,2,0.666666666666667,0.666666666666667,1.66666666666667,0,1.66666666666667,4,2,1,1,7,3,4,0.5,1,1,0.25,0.25,1.75,0.75,1,,,,,,,,,,,,,,,
2012,Saudi Arabia,1,0,1,0,2,4,-2,0,0,0,0,0,2,4,-2,1,0,1,0,2,4,-2,0,0,0,0,0,2,4,-2,,,,,,,,,,,,,,,,,,,,,,,,,,,,,,
2013,Saudi Arabia,5,4,0,1,8,3,5,0.8,1,1,0.2,0.2,1.6,0.6,1,3,2,0,1,4,1,3,0.666666666666667,1,1,0.333333333333333,0.333333333333333,1.33333333333333,0.333333333333333,1,2,2,0,0,4,2,2,1,0,0,0,0,2,1,1,,,,,,,,,,,,,,,
2014,Saudi Arabia,8,2,4,2,8,15,-7,0.25,2,2,0.25,0.25,1,1.875,-0.875,,,,,,,,,,,,,,,,,,,,,,,,,,,,,,,,,,,,,,,,,,,,,
2015,Saudi Arabia,10,7,2,1,32,9,23,0.7,2,2,0.2,0.2,3.2,0.9,2.3,3,2,0,1,13,0,13,0.666666666666667,1,1,0.333333333333333,0.333333333333333,4.33333333333333,0,4.33333333333333,4,4,0,0,14,4,10,1,0,0,0,0,3.5,1,2.5,3,1,2,0,5,5,0,0.333333333333333,1,1,0.333333333333333,0.333333333333333,1.66666666666667,1.66666666666667,0
2016,Saudi Arabia,8,5,1,2,16,6,10,0.625,0,0,0,0,2,0.75,1.25,3,1,1,1,4,4,0,0.333333333333333,0,0,0,0,1.33333333333333,1.33333333333333,0,5,4,0,1,12,2,10,0.8,0,0,0,0,2.4,0.4,2,,,,,,,,,,,,,,,
2017,Saudi Arabia,9,4,4,1,15,11,4,0.444444444444444,3,3,0.333333333333333,0.333333333333333,1.66666666666667,1.22222222222222,0.444444444444444,4,1,3,0,6,8,-2,0.25,1,1,0.25,0.25,1.5,2,-0.5,2,2,0,0,2,0,2,1,0,0,0,0,1,0,1,3,1,1,1,7,3,4,0.333333333333333,2,2,0.666666666666667,0.666666666666667,2.33333333333333,1,1.33333333333333
2018,Saudi Arabia,18,5,8,5,18,29,-11,0.277777777777778,6,6,0.333333333333333,0.333333333333333,1,1.61111111111111,-0.611111111111111,4,0,3,1,3,11,-8,0,1,1,0.25,0.25,0.75,2.75,-2,10,4,3,3,13,11,2,0.4,2,2,0.2,0.2,1.3,1.1,0.2,4,1,2,1,2,7,-5,0.25,3,3,0.75,0.75,0.5,1.75,-1.25
2019,Saudi Arabia,12,5,3,4,19,12,7,0.416666666666667,4,4,0.333333333333333,0.333333333333333,1.58333333333333,1,0.583333333333333,4,1,1,2,6,6,0,0.25,1,1,0.25,0.25,1.5,1.5,0,4,2,0,2,7,3,4,0.5,1,1,0.25,0.25,1.75,0.75,1,4,2,2,0,6,3,3,0.5,2,2,0.5,0.5,1.5,0.75,0.75
2020,Saudi Arabia,2,1,1,0,4,2,2,0.5,0,0,0,0,2,1,1,,,,,,,,,,,,,,,,,,,,,,,,,,,,,,,,,,,,,,,,,,,,,
2021,Saudi Arabia,11,10,0,1,24,3,21,0.909090909090909,1,1,0.0909090909090909,0.0909090909090909,2.18181818181818,0.272727272727273,1.90909090909091,4,3,0,1,5,0,5,0.75,1,1,0.25,0.25,1.25,0,1.25,7,7,0,0,19,3,16,1,0,0,0,0,2.71428571428571,0.428571428571429,2.28571428571429,,,,,,,,,,,,,,,
2022,Saudi Arabia,13,4,4,5,7,8,-1,0.307692307692308,7,7,0.538461538461538,0.538461538461538,0.538461538461538,0.615384615384615,-0.0769230769230769,2,0,1,1,1,3,-2,0,1,1,0.5,0.5,0.5,1.5,-1,6,2,1,3,3,2,1,0.333333333333333,3,3,0.5,0.5,0.5,0.333333333333333,0.166666666666667,5,2,2,1,3,3,0,0.4,3,3,0.6,0.6,0.6,0.6,0
2012,Senegal,5,1,3,1,7,8,-1,0.2,0,0,0,0,1.4,1.6,-0.2,3,0,2,1,3,5,-2,0,0,0,0,0,1,1.66666666666667,-0.666666666666667,2,1,1,0,4,3,1,0.5,0,0,0,0,2,1.5,0.5,,,,,,,,,,,,,,,
2013,Senegal,6,2,1,3,7,6,1,0.333333333333333,0,0,0,0,1.16666666666667,1,0.166666666666667,3,1,1,1,4,4,0,0.333333333333333,0,0,0,0,1.33333333333333,1.33333333333333,0,3,1,0,2,3,2,1,0.333333333333333,0,0,0,0,1,0.666666666666667,0.333333333333333,,,,,,,,,,,,,,,
2014,Senegal,9,4,1,4,12,5,7,0.444444444444444,2,2,0.222222222222222,0.222222222222222,1.33333333333333,0.555555555555556,0.777777777777778,5,2,1,2,6,4,2,0.4,1,1,0.2,0.2,1.2,0.8,0.4,4,2,0,2,6,1,5,0.5,1,1,0.25,0.25,1.5,0.25,1.25,,,,,,,,,,,,,,,
2015,Senegal,13,7,4,2,21,13,8,0.538461538461538,4,4,0.307692307692308,0.307692307692308,1.61538461538462,1,0.615384615384615,8,3,3,2,9,8,1,0.375,3,3,0.375,0.375,1.125,1,0.125,5,4,1,0,12,5,7,0.8,1,1,0.2,0.2,2.4,1,1.4,,,,,,,,,,,,,,,
2016,Senegal,7,6,1,0,12,3,9,0.857142857142857,1,1,0.142857142857143,0.142857142857143,1.71428571428571,0.428571428571429,1.28571428571429,4,3,1,0,6,3,3,0.75,1,1,0.25,0.25,1.5,0.75,0.75,3,3,0,0,6,0,6,1,0,0,0,0,2,0,2,,,,,,,,,,,,,,,
2017,Senegal,14,8,0,6,22,7,15,0.571428571428571,3,3,0.214285714285714,0.214285714285714,1.57142857142857,0.5,1.07142857142857,6,4,0,2,11,3,8,0.666666666666667,0,0,0,0,1.83333333333333,0.5,1.33333333333333,7,3,0,4,9,3,6,0.428571428571429,3,3,0.428571428571429,0.428571428571429,1.28571428571429,0.428571428571429,0.857142857142857,1,1,0,0,2,1,1,1,0,0,0,0,2,1,1
2018,Senegal,12,5,2,5,15,9,6,0.416666666666667,3,3,0.25,0.25,1.25,0.75,0.5,6,3,1,2,7,4,3,0.5,1,1,0.166666666666667,0.166666666666667,1.16666666666667,0.666666666666667,0.5,3,1,0,2,4,1,3,0.333333333333333,1,1,0.333333333333333,0.333333333333333,1.33333333333333,0.333333333333333,1,3,1,1,1,4,4,0,0.333333333333333,1,1,0.333333333333333,0.333333333333333,1.33333333333333,1.33333333333333,0
2019,Senegal,13,10,2,1,20,5,15,0.769230769230769,2,2,0.153846153846154,0.153846153846154,1.53846153846154,0.384615384615385,1.15384615384615,2,1,0,1,5,2,3,0.5,0,0,0,0,2.5,1,1.5,4,4,0,0,7,1,6,1,0,0,0,0,1.75,0.25,1.5,7,5,2,0,8,2,6,0.714285714285714,2,2,0.285714285714286,0.285714285714286,1.14285714285714,0.285714285714286,0.857142857142857
2020,Senegal,3,2,1,0,4,3,1,0.666666666666667,0,0,0,0,1.33333333333333,1,0.333333333333333,2,1,1,0,2,3,-1,0.5,0,0,0,0,1,1.5,-0.5,1,1,0,0,2,0,2,1,0,0,0,0,2,0,2,,,,,,,,,,,,,,,
2021,Senegal,10,7,0,3,21,6,15,0.7,1,1,0.1,0.1,2.1,0.6,1.5,4,2,0,2,7,3,4,0.5,1,1,0.25,0.25,1.75,0.75,1,6,5,0,1,14,3,11,0.833333333333333,0,0,0,0,2.33333333333333,0.5,1.83333333333333,,,,,,,,,,,,,,,
2022,Senegal,15,9,2,4,20,8,12,0.6,5,5,0.333333333333333,0.333333333333333,1.33333333333333,0.533333333333333,0.8,2,1,1,0,1,1,0,0.5,1,1,0.5,0.5,0.5,0.5,0,2,2,0,0,4,1,3,1,0,0,0,0,2,0.5,1.5,11,6,1,4,15,6,9,0.545454545454545,4,4,0.363636363636364,0.363636363636364,1.36363636363636,0.545454545454545,0.818181818181818
2010,Serbia,4,1,1,1,5,7,-2,0.25,1,1,0.25,0.25,1.25,1.75,-0.5,2,1,0,0,3,3,0,0.5,1,1,0.5,0.5,1.5,1.5,0,2,0,1,1,2,4,-2,0,0,0,0,0,1,2,-1,,,,,,,,,,,,,,,
2011,Serbia,6,3,1,2,8,5,3,0.5,1,1,0.166666666666667,0.166666666666667,1.33333333333333,0.833333333333333,0.5,3,1,1,1,2,2,0,0.333333333333333,1,1,0.333333333333333,0.333333333333333,0.666666666666667,0.666666666666667,0,3,2,0,1,6,3,3,0.666666666666667,0,0,0,0,2,1,1,,,,,,,,,,,,,,,
2012,Serbia,4,1,2,1,6,5,1,0.25,3,3,0.75,0.75,1.5,1.25,0.25,2,0,1,1,0,1,-1,0,2,2,1,1,0,0.5,-0.5,2,1,1,0,6,4,2,0.5,1,1,0.5,0.5,3,2,1,,,,,,,,,,,,,,,
2013,Serbia,6,3,2,1,12,6,6,0.5,1,1,0.166666666666667,0.166666666666667,2,1,1,3,1,2,0,4,4,0,0.333333333333333,1,1,0.333333333333333,0.333333333333333,1.33333333333333,1.33333333333333,0,3,2,0,1,8,2,6,0.666666666666667,0,0,0,0,2.66666666666667,0.666666666666667,2,,,,,,,,,,,,,,,
2014,Serbia,9,3,3,3,10,12,-2,0.333333333333333,2,2,0.222222222222222,0.222222222222222,1.11111111111111,1.33333333333333,-0.222222222222222,5,2,1,2,6,4,2,0.4,1,1,0.2,0.2,1.2,0.8,0.4,3,0,2,1,2,7,-5,0,1,1,0.333333333333333,0.333333333333333,0.666666666666667,2.33333333333333,-1.66666666666667,1,1,0,0,2,1,1,1,0,0,0,0,2,1,1
2015,Serbia,8,3,5,0,12,13,-1,0.375,1,1,0.125,0.125,1.5,1.625,-0.125,5,1,4,0,5,10,-5,0.2,1,1,0.2,0.2,1,2,-1,3,2,1,0,7,3,4,0.666666666666667,0,0,0,0,2.33333333333333,1,1.33333333333333,,,,,,,,,,,,,,,
2016,Serbia,11,5,3,3,16,14,2,0.454545454545455,3,3,0.272727272727273,0.272727272727273,1.45454545454545,1.27272727272727,0.181818181818182,6,2,3,1,5,7,-2,0.333333333333333,3,3,0.5,0.5,0.833333333333333,1.16666666666667,-0.333333333333333,5,3,0,2,11,7,4,0.6,0,0,0,0,2.2,1.4,0.8,,,,,,,,,,,,,,,
2017,Serbia,9,5,1,3,14,6,8,0.555555555555556,1,1,0.111111111111111,0.111111111111111,1.55555555555556,0.666666666666667,0.888888888888889,6,3,1,2,9,5,4,0.5,1,1,0.166666666666667,0.166666666666667,1.5,0.833333333333333,0.666666666666667,3,2,0,1,5,1,4,0.666666666666667,0,0,0,0,1.66666666666667,0.333333333333333,1.33333333333333,,,,,,,,,,,,,,,
2018,Serbia,13,7,4,2,21,12,9,0.538461538461538,3,3,0.230769230769231,0.230769230769231,1.61538461538462,0.923076923076923,0.692307692307692,5,3,1,1,6,2,4,0.6,1,1,0.2,0.2,1.2,0.4,0.8,5,3,1,1,13,6,7,0.6,1,1,0.2,0.2,2.6,1.2,1.4,3,1,2,0,2,4,-2,0.333333333333333,1,1,0.333333333333333,0.333333333333333,0.666666666666667,1.33333333333333,-0.666666666666667
2019,Serbia,10,5,2,3,19,18,1,0.5,1,1,0.1,0.1,1.9,1.8,0.1,5,2,1,2,7,9,-2,0.4,1,1,0.2,0.2,1.4,1.8,-0.4,5,3,1,1,12,9,3,0.6,0,0,0,0,2.4,1.8,0.6,,,,,,,,,,,,,,,
2020,Serbia,2,1,0,1,3,2,1,0.5,0,0,0,0,1.5,1,0.5,1,1,0,0,2,1,1,1,0,0,0,0,2,1,1,1,0,0,1,1,1,0,0,0,0,0,0,1,1,0,,,,,,,,,,,,,,,
2021,Serbia,14,8,1,5,27,11,16,0.571428571428571,3,3,0.214285714285714,0.214285714285714,1.92857142857143,0.785714285714286,1.14285714285714,8,4,1,3,10,4,6,0.5,3,3,0.375,0.375,1.25,0.5,0.75,5,4,0,1,16,6,10,0.8,0,0,0,0,3.2,1.2,2,1,0,0,1,1,1,0,0,0,0,0,0,1,1,0
2022,Serbia,9,5,3,1,14,10,4,0.555555555555556,3,3,0.333333333333333,0.333333333333333,1.55555555555556,1.11111111111111,0.444444444444444,5,3,1,1,6,5,1,0.6,1,1,0.2,0.2,1.2,1,0.2,3,2,1,0,8,3,5,0.666666666666667,1,1,0.333333333333333,0.333333333333333,2.66666666666667,1,1.66666666666667,1,0,1,0,0,2,-2,0,1,1,1,1,0,2,-2
2010,Spain,3,3,0,0,10,3,7,1,0,0,0,0,3.33333333333333,1,2.33333333333333,2,2,0,0,7,2,5,1,0,0,0,0,3.5,1,2.5,1,1,0,0,3,1,2,1,0,0,0,0,3,1,2,,,,,,,,,,,,,,,
2011,Spain,5,5,0,0,16,3,13,1,0,0,0,0,3.2,0.6,2.6,2,2,0,0,5,1,4,1,0,0,0,0,2.5,0.5,2,3,3,0,0,11,2,9,1,0,0,0,0,3.66666666666667,0.666666666666667,3,,,,,,,,,,,,,,,
2012,Spain,9,6,0,3,18,2,16,0.666666666666667,1,1,0.111111111111111,0.111111111111111,2,0.222222222222222,1.77777777777778,4,3,0,1,6,0,6,0.75,1,1,0.25,0.25,1.5,0,1.5,5,3,0,2,12,2,10,0.6,0,0,0,0,2.4,0.4,2,,,,,,,,,,,,,,,
2013,Spain,10,7,1,2,23,6,17,0.7,2,2,0.2,0.2,2.3,0.6,1.7,4,3,1,0,6,3,3,0.75,1,1,0.25,0.25,1.5,0.75,0.75,6,4,0,2,17,3,14,0.666666666666667,1,1,0.166666666666667,0.166666666666667,2.83333333333333,0.5,2.33333333333333,,,,,,,,,,,,,,,
2014,Spain,12,7,5,0,22,12,10,0.583333333333333,3,3,0.25,0.25,1.83333333333333,1,0.833333333333333,4,2,2,0,7,3,4,0.5,1,1,0.25,0.25,1.75,0.75,1,5,4,1,0,11,2,9,0.8,1,1,0.2,0.2,2.2,0.4,1.8,3,1,2,0,4,7,-3,0.333333333333333,1,1,0.333333333333333,0.333333333333333,1.33333333333333,2.33333333333333,-1
2015,Spain,10,8,1,0,14,3,11,0.8,2,2,0.2,0.2,1.4,0.3,1.1,5,3,1,0,3,2,1,0.6,2,2,0.4,0.4,0.6,0.4,0.2,5,5,0,0,11,1,10,1,0,0,0,0,2.2,0.2,2,,,,,,,,,,,,,,,
2016,Spain,15,8,3,4,34,11,23,0.533333333333333,3,3,0.2,0.2,2.26666666666667,0.733333333333333,1.53333333333333,7,3,0,4,14,5,9,0.428571428571429,1,1,0.142857142857143,0.142857142857143,2,0.714285714285714,1.28571428571429,4,3,1,0,15,2,13,0.75,1,1,0.25,0.25,3.75,0.5,3.25,4,2,2,0,5,4,1,0.5,1,1,0.25,0.25,1.25,1,0.25
2017,Spain,10,8,0,2,33,7,26,0.8,0,0,0,0,3.3,0.7,2.6,5,4,0,1,16,4,12,0.8,0,0,0,0,3.2,0.8,2.4,5,4,0,1,17,3,14,0.8,0,0,0,0,3.4,0.6,2.8,,,,,,,,,,,,,,,
2018,Spain,14,7,2,5,33,17,16,0.5,0,0,0,0,2.35714285714286,1.21428571428571,1.14285714285714,4,2,1,1,9,6,3,0.5,0,0,0,0,2.25,1.5,0.75,6,4,1,1,17,5,12,0.666666666666667,0,0,0,0,2.83333333333333,0.833333333333333,2,4,1,0,3,7,6,1,0.25,0,0,0,0,1.75,1.5,0.25
2019,Spain,10,8,0,2,31,5,26,0.8,0,0,0,0,3.1,0.5,2.6,5,3,0,2,10,4,6,0.6,0,0,0,0,2,0.8,1.2,5,5,0,0,21,1,20,1,0,0,0,0,4.2,0.2,4,,,,,,,,,,,,,,,
2020,Spain,8,3,1,4,14,4,10,0.375,2,2,0.25,0.25,1.75,0.5,1.25,5,0,1,4,3,4,-1,0,2,2,0.4,0.4,0.6,0.8,-0.2,3,3,0,0,11,0,11,1,0,0,0,0,3.66666666666667,0,3.66666666666667,,,,,,,,,,,,,,,
2021,Spain,18,10,2,6,35,14,21,0.555555555555556,2,2,0.111111111111111,0.111111111111111,1.94444444444444,0.777777777777778,1.16666666666667,6,3,1,2,8,5,3,0.5,0,0,0,0,1.33333333333333,0.833333333333333,0.5,6,4,0,2,13,2,11,0.666666666666667,1,1,0.166666666666667,0.166666666666667,2.16666666666667,0.333333333333333,1.83333333333333,6,3,1,2,14,7,7,0.5,1,1,0.166666666666667,0.166666666666667,2.33333333333333,1.16666666666667,1.16666666666667
2022,Spain,9,6,1,2,22,6,16,0.666666666666667,0,0,0,0,2.44444444444444,0.666666666666667,1.77777777777778,3,2,0,1,4,2,2,0.666666666666667,0,0,0,0,1.33333333333333,0.666666666666667,0.666666666666667,5,3,1,1,11,4,7,0.6,0,0,0,0,2.2,0.8,1.4,1,1,0,0,7,0,7,1,0,0,0,0,7,0,7
2010,Switzerland,3,1,2,0,5,5,0,0.333333333333333,1,1,0.333333333333333,0.333333333333333,1.66666666666667,1.66666666666667,0,1,0,1,0,0,1,-1,0,1,1,1,1,0,1,-1,2,1,1,0,5,4,1,0.5,0,0,0,0,2.5,2,0.5,,,,,,,,,,,,,,,
2011,Switzerland,5,2,1,2,7,5,2,0.4,2,2,0.4,0.4,1.4,1,0.4,3,0,1,2,2,4,-2,0,2,2,0.666666666666667,0.666666666666667,0.666666666666667,1.33333333333333,-0.666666666666667,2,2,0,0,5,1,4,1,0,0,0,0,2.5,0.5,2,,,,,,,,,,,,,,,
2012,Switzerland,4,3,0,1,7,1,6,0.75,0,0,0,0,1.75,0.25,1.5,2,2,0,0,4,0,4,1,0,0,0,0,2,0,2,2,1,0,1,3,1,2,0.5,0,0,0,0,1.5,0.5,1,,,,,,,,,,,,,,,
2013,Switzerland,6,4,0,2,10,5,5,0.666666666666667,1,1,0.166666666666667,0.166666666666667,1.66666666666667,0.833333333333333,0.833333333333333,3,2,0,1,4,1,3,0.666666666666667,1,1,0.333333333333333,0.333333333333333,1.33333333333333,0.333333333333333,1,3,2,0,1,6,4,2,0.666666666666667,0,0,0,0,2,1.33333333333333,0.666666666666667,,,,,,,,,,,,,,,
2014,Switzerland,12,6,4,2,22,14,8,0.5,3,3,0.25,0.25,1.83333333333333,1.16666666666667,0.666666666666667,3,1,1,1,6,3,3,0.333333333333333,1,1,0.333333333333333,0.333333333333333,2,1,1,5,3,1,1,9,4,5,0.6,1,1,0.2,0.2,1.8,0.8,1,4,2,2,0,7,7,0,0.5,1,1,0.25,0.25,1.75,1.75,0
2015,Switzerland,10,7,2,1,24,10,14,0.7,1,1,0.1,0.1,2.4,1,1.4,5,3,2,0,7,7,0,0.6,1,1,0.2,0.2,1.4,1.4,0,5,4,0,1,17,3,14,0.8,0,0,0,0,3.4,0.6,2.8,,,,,,,,,,,,,,,
2016,Switzerland,12,6,3,3,15,11,4,0.5,3,3,0.25,0.25,1.25,0.916666666666667,0.333333333333333,3,2,1,0,5,4,1,0.666666666666667,1,1,0.333333333333333,0.333333333333333,1.66666666666667,1.33333333333333,0.333333333333333,6,3,2,1,7,5,2,0.5,2,2,0.333333333333333,0.333333333333333,1.16666666666667,0.833333333333333,0.333333333333333,3,1,0,2,3,2,1,0.333333333333333,0,0,0,0,1,0.666666666666667,0.333333333333333
2017,Switzerland,9,7,1,1,16,4,12,0.777777777777778,2,2,0.222222222222222,0.222222222222222,1.77777777777778,0.444444444444444,1.33333333333333,4,3,1,0,6,2,4,0.75,1,1,0.25,0.25,1.5,0.5,1,5,4,0,1,10,2,8,0.8,1,1,0.2,0.2,2,0.4,1.6,,,,,,,,,,,,,,,
2018,Switzerland,14,7,4,3,29,13,16,0.5,3,3,0.214285714285714,0.214285714285714,2.07142857142857,0.928571428571429,1.14285714285714,5,2,2,1,5,5,0,0.4,1,1,0.2,0.2,1,1,0,5,4,1,0,19,3,16,0.8,1,1,0.2,0.2,3.8,0.6,3.2,4,1,1,2,5,5,0,0.25,1,1,0.25,0.25,1.25,1.25,0
2019,Switzerland,8,5,1,2,19,6,13,0.625,1,1,0.125,0.125,2.375,0.75,1.625,4,2,1,1,9,3,6,0.5,1,1,0.25,0.25,2.25,0.75,1.5,4,3,0,1,10,3,7,0.75,0,0,0,0,2.5,0.75,1.75,,,,,,,,,,,,,,,
2020,Switzerland,8,1,4,3,11,12,-1,0.125,1,1,0.125,0.125,1.375,1.5,-0.125,4,0,3,1,5,8,-3,0,1,1,0.25,0.25,1.25,2,-0.75,4,1,1,2,6,4,2,0.25,0,0,0,0,1.5,1,0.5,,,,,,,,,,,,,,,
2021,Switzerland,17,10,1,6,37,15,22,0.588235294117647,3,3,0.176470588235294,0.176470588235294,2.17647058823529,0.882352941176471,1.29411764705882,4,2,0,2,8,2,6,0.5,1,1,0.25,0.25,2,0.5,1.5,9,7,0,2,22,5,17,0.777777777777778,1,1,0.111111111111111,0.111111111111111,2.44444444444444,0.555555555555556,1.88888888888889,4,1,1,2,7,8,-1,0.25,1,1,0.25,0.25,1.75,2,-0.25
2022,Switzerland,9,4,4,1,9,12,-3,0.444444444444444,2,2,0.222222222222222,0.222222222222222,1,1.33333333333333,-0.333333333333333,4,1,3,0,4,9,-5,0.25,1,1,0.25,0.25,1,2.25,-1.25,4,2,1,1,4,3,1,0.5,1,1,0.25,0.25,1,0.75,0.25,1,1,0,0,1,0,1,1,0,0,0,0,1,0,1
2012,Tunisia,6,4,2,0,10,7,3,0.666666666666667,1,1,0.166666666666667,0.166666666666667,1.66666666666667,1.16666666666667,0.5,5,3,2,0,7,6,1,0.6,1,1,0.2,0.2,1.4,1.2,0.2,1,1,0,0,3,1,2,1,0,0,0,0,3,1,2,,,,,,,,,,,,,,,
2013,Tunisia,9,3,2,4,11,12,-1,0.333333333333333,2,2,0.222222222222222,0.222222222222222,1.22222222222222,1.33333333333333,-0.111111111111111,5,0,2,3,5,11,-6,0,1,1,0.2,0.2,1,2.2,-1.2,4,3,0,1,6,1,5,0.75,1,1,0.25,0.25,1.5,0.25,1.25,,,,,,,,,,,,,,,
2014,Tunisia,9,5,1,3,8,4,4,0.555555555555556,3,3,0.333333333333333,0.333333333333333,0.888888888888889,0.444444444444444,0.444444444444444,6,2,1,3,3,2,1,0.333333333333333,3,3,0.5,0.5,0.5,0.333333333333333,0.166666666666667,3,3,0,0,5,2,3,1,0,0,0,0,1.66666666666667,0.666666666666667,1,,,,,,,,,,,,,,,
2015,Tunisia,12,4,3,5,22,16,6,0.333333333333333,2,2,0.166666666666667,0.166666666666667,1.83333333333333,1.33333333333333,0.5,6,2,2,2,6,7,-1,0.333333333333333,2,2,0.333333333333333,0.333333333333333,1,1.16666666666667,-0.166666666666667,5,2,0,3,15,7,8,0.4,0,0,0,0,3,1.4,1.6,1,0,1,0,1,2,-1,0,0,0,0,0,1,2,-1
2016,Tunisia,7,5,0,2,11,1,10,0.714285714285714,2,2,0.285714285714286,0.285714285714286,1.57142857142857,0.142857142857143,1.42857142857143,3,2,0,1,4,0,4,0.666666666666667,1,1,0.333333333333333,0.333333333333333,1.33333333333333,0,1.33333333333333,4,3,0,1,7,1,6,0.75,1,1,0.25,0.25,1.75,0.25,1.5,,,,,,,,,,,,,,,
2017,Tunisia,13,6,5,2,17,14,3,0.461538461538462,6,6,0.461538461538462,0.461538461538462,1.30769230769231,1.07692307692308,0.230769230769231,7,3,3,1,12,10,2,0.428571428571429,3,3,0.428571428571429,0.428571428571429,1.71428571428571,1.42857142857143,0.285714285714286,6,3,2,1,5,4,1,0.5,3,3,0.5,0.5,0.833333333333333,0.666666666666667,0.166666666666667,,,,,,,,,,,,,,,
2018,Tunisia,13,6,5,2,18,18,0,0.461538461538462,2,2,0.153846153846154,0.153846153846154,1.38461538461538,1.38461538461538,0,6,2,2,2,10,9,1,0.333333333333333,1,1,0.166666666666667,0.166666666666667,1.66666666666667,1.5,0.166666666666667,4,3,1,0,3,1,2,0.75,1,1,0.25,0.25,0.75,0.25,0.5,3,1,2,0,5,8,-3,0.333333333333333,0,0,0,0,1.66666666666667,2.66666666666667,-1
2019,Tunisia,17,8,4,5,23,11,12,0.470588235294118,5,5,0.294117647058824,0.294117647058824,1.35294117647059,0.647058823529412,0.705882352941177,3,2,1,0,3,2,1,0.666666666666667,1,1,0.333333333333333,0.333333333333333,1,0.666666666666667,0.333333333333333,7,5,1,1,14,4,10,0.714285714285714,1,1,0.142857142857143,0.142857142857143,2,0.571428571428571,1.42857142857143,7,1,2,4,6,5,1,0.142857142857143,3,3,0.428571428571429,0.428571428571429,0.857142857142857,0.714285714285714,0.142857142857143
2020,Tunisia,4,2,0,2,6,2,4,0.5,0,0,0,0,1.5,0.5,1,2,0,0,2,2,2,0,0,0,0,0,0,1,1,0,2,2,0,0,4,0,4,1,0,0,0,0,2,0,2,,,,,,,,,,,,,,,
2021,Tunisia,11,8,2,1,20,7,13,0.727272727272727,3,3,0.272727272727273,0.272727272727273,1.81818181818182,0.636363636363636,1.18181818181818,4,2,1,1,7,3,4,0.5,2,2,0.5,0.5,1.75,0.75,1,7,6,1,0,13,4,9,0.857142857142857,1,1,0.142857142857143,0.142857142857143,1.85714285714286,0.571428571428571,1.28571428571429,,,,,,,,,,,,,,,
2022,Tunisia,13,6,4,3,14,8,6,0.461538461538462,6,6,0.461538461538462,0.461538461538462,1.07692307692308,0.615384615384615,0.461538461538462,3,2,0,1,3,0,3,0.666666666666667,1,1,0.333333333333333,0.333333333333333,1,0,1,2,1,0,1,4,0,4,0.5,1,1,0.5,0.5,2,0,2,8,3,4,1,7,8,-1,0.375,4,4,0.5,0.5,0.875,1,-0.125
2012,United States,6,4,1,1,11,6,5,0.666666666666667,0,0,0,0,1.83333333333333,1,0.833333333333333,3,1,1,1,4,4,0,0.333333333333333,0,0,0,0,1.33333333333333,1.33333333333333,0,3,3,0,0,7,2,5,1,0,0,0,0,2.33333333333333,0.666666666666667,1.66666666666667,,,,,,,,,,,,,,,
2013,United States,10,7,2,1,15,8,7,0.7,1,1,0.1,0.1,1.5,0.8,0.7,5,2,2,1,7,8,-1,0.4,1,1,0.2,0.2,1.4,1.6,-0.2,5,5,0,0,8,0,8,1,0,0,0,0,1.6,0,1.6,,,,,,,,,,,,,,,
2014,United States,15,6,5,4,20,20,0,0.4,2,2,0.133333333333333,0.133333333333333,1.33333333333333,1.33333333333333,0,2,1,1,0,2,4,-2,0.5,0,0,0,0,1,2,-1,8,4,1,3,13,8,5,0.5,0,0,0,0,1.625,1,0.625,5,1,3,1,5,8,-3,0.2,2,2,0.4,0.4,1,1.6,-0.6
2015,United States,19,10,5,4,40,23,17,0.526315789473684,2,2,0.105263157894737,0.105263157894737,2.10526315789474,1.21052631578947,0.894736842105263,7,2,2,3,12,12,0,0.285714285714286,1,1,0.142857142857143,0.142857142857143,1.71428571428571,1.71428571428571,0,12,8,3,1,28,11,17,0.666666666666667,1,1,0.0833333333333333,0.0833333333333333,2.33333333333333,0.916666666666667,1.41666666666667,,,,,,,,,,,,,,,
2016,United States,19,12,6,1,37,20,17,0.631578947368421,5,5,0.263157894736842,0.263157894736842,1.94736842105263,1.05263157894737,0.894736842105263,5,3,2,0,11,7,4,0.6,2,2,0.4,0.4,2.2,1.4,0.8,14,9,4,1,26,13,13,0.642857142857143,3,3,0.214285714285714,0.214285714285714,1.85714285714286,0.928571428571429,0.928571428571429,,,,,,,,,,,,,,,
2017,United States,19,10,2,7,34,14,20,0.526315789473684,2,2,0.105263157894737,0.105263157894737,1.78947368421053,0.736842105263158,1.05263157894737,7,2,1,4,10,6,4,0.285714285714286,0,0,0,0,1.42857142857143,0.857142857142857,0.571428571428571,12,8,1,3,24,8,16,0.666666666666667,2,2,0.166666666666667,0.166666666666667,2,0.666666666666667,1.33333333333333,,,,,,,,,,,,,,,
2018,United States,11,3,5,3,10,14,-4,0.272727272727273,4,4,0.363636363636364,0.363636363636364,0.909090909090909,1.27272727272727,-0.363636363636364,4,0,3,1,2,7,-5,0,2,2,0.5,0.5,0.5,1.75,-1.25,7,3,2,2,8,7,1,0.428571428571429,2,2,0.285714285714286,0.285714285714286,1.14285714285714,1,0.142857142857143,,,,,,,,,,,,,,,
2019,United States,14,8,4,2,23,11,12,0.571428571428571,4,4,0.285714285714286,0.285714285714286,1.64285714285714,0.785714285714286,0.857142857142857,3,2,1,0,4,2,2,0.666666666666667,1,1,0.333333333333333,0.333333333333333,1.33333333333333,0.666666666666667,0.666666666666667,11,6,3,2,19,9,10,0.545454545454545,3,3,0.272727272727273,0.272727272727273,1.72727272727273,0.818181818181818,0.909090909090909,,,,,,,,,,,,,,,
2020,United States,4,3,0,1,13,2,11,0.75,1,1,0.25,0.25,3.25,0.5,2.75,1,0,0,1,0,0,0,0,1,1,1,1,0,0,0,3,3,0,0,13,2,11,1,0,0,0,0,4.33333333333333,0.666666666666667,3.66666666666667,,,,,,,,,,,,,,,
2021,United States,20,15,2,3,42,10,32,0.75,2,2,0.1,0.1,2.1,0.5,1.6,8,4,2,2,15,7,8,0.5,2,2,0.25,0.25,1.875,0.875,1,12,11,0,1,27,3,24,0.916666666666667,0,0,0,0,2.25,0.25,2,,,,,,,,,,,,,,,
2022,United States,11,4,3,4,13,8,5,0.363636363636364,6,6,0.545454545454545,0.545454545454545,1.18181818181818,0.727272727272727,0.454545454545455,4,0,2,2,0,4,-4,0,4,4,1,1,0,1,-1,4,4,0,0,12,1,11,1,0,0,0,0,3,0.25,2.75,3,0,1,2,1,3,-2,0,2,2,0.666666666666667,0.666666666666667,0.333333333333333,1,-0.666666666666667
2011,Uruguay,3,2,0,1,9,3,6,0.666666666666667,0,0,0,0,3,1,2,1,0,0,1,1,1,0,0,0,0,0,0,1,1,0,2,2,0,0,8,2,6,1,0,0,0,0,4,1,3,,,,,,,,,,,,,,,
2012,Uruguay,6,1,3,2,7,15,-8,0.166666666666667,2,2,0.333333333333333,0.333333333333333,1.16666666666667,2.5,-1.33333333333333,3,0,3,0,1,11,-10,0,2,2,0.666666666666667,0.666666666666667,0.333333333333333,3.66666666666667,-3.33333333333333,3,1,0,2,6,4,2,0.333333333333333,0,0,0,0,2,1.33333333333333,0.666666666666667,,,,,,,,,,,,,,,
2013,Uruguay,12,6,4,2,23,14,9,0.5,2,2,0.166666666666667,0.166666666666667,1.91666666666667,1.16666666666667,0.75,7,3,4,0,7,9,-2,0.428571428571429,2,2,0.285714285714286,0.285714285714286,1,1.28571428571429,-0.285714285714286,5,3,0,2,16,5,11,0.6,0,0,0,0,3.2,1,2.2,,,,,,,,,,,,,,,
2014,Uruguay,13,8,2,3,20,12,8,0.615384615384615,1,1,0.0769230769230769,0.0769230769230769,1.53846153846154,0.923076923076923,0.615384615384615,6,4,0,2,10,3,7,0.666666666666667,0,0,0,0,1.66666666666667,0.5,1.16666666666667,3,2,0,1,6,3,3,0.666666666666667,0,0,0,0,2,1,1,4,2,2,0,4,6,-2,0.5,1,1,0.25,0.25,1,1.5,-0.5
2015,Uruguay,12,7,4,1,18,7,11,0.583333333333333,3,3,0.25,0.25,1.5,0.583333333333333,0.916666666666667,5,3,2,0,5,3,2,0.6,1,1,0.2,0.2,1,0.6,0.4,3,3,0,0,11,1,10,1,0,0,0,0,3.66666666666667,0.333333333333333,3.33333333333333,4,1,2,1,2,3,-1,0.25,2,2,0.5,0.5,0.5,0.75,-0.25
2016,Uruguay,12,6,4,2,22,14,8,0.5,2,2,0.166666666666667,0.166666666666667,1.83333333333333,1.16666666666667,0.666666666666667,5,0,3,2,6,11,-5,0,1,1,0.2,0.2,1.2,2.2,-1,7,6,1,0,16,3,13,0.857142857142857,1,1,0.142857142857143,0.142857142857143,2.28571428571429,0.428571428571429,1.85714285714286,,,,,,,,,,,,,,,
2017,Uruguay,10,2,5,3,10,17,-7,0.2,4,4,0.4,0.4,1,1.7,-0.7,7,1,4,2,5,11,-6,0.142857142857143,3,3,0.428571428571429,0.428571428571429,0.714285714285714,1.57142857142857,-0.857142857142857,3,1,1,1,5,6,-1,0.333333333333333,1,1,0.333333333333333,0.333333333333333,1.66666666666667,2,-0.333333333333333,,,,,,,,,,,,,,,
2018,Uruguay,11,6,5,0,18,12,6,0.545454545454545,3,3,0.272727272727273,0.272727272727273,1.63636363636364,1.09090909090909,0.545454545454545,5,1,4,0,8,9,-1,0.2,2,2,0.4,0.4,1.6,1.8,-0.2,1,1,0,0,3,0,3,1,0,0,0,0,3,0,3,5,4,1,0,7,3,4,0.8,1,1,0.2,0.2,1.4,0.6,0.8
2019,Uruguay,11,6,0,5,19,8,11,0.545454545454545,1,1,0.0909090909090909,0.0909090909090909,1.72727272727273,0.727272727272727,1,5,2,0,3,8,6,2,0.4,0,0,0,0,1.6,1.2,0.4,2,2,0,0,4,0,4,1,0,0,0,0,2,0,2,4,2,0,2,7,2,5,0.5,1,1,0.25,0.25,1.75,0.5,1.25
2020,Uruguay,4,2,2,0,7,7,0,0.5,1,1,0.25,0.25,1.75,1.75,0,2,1,1,0,5,4,1,0.5,0,0,0,0,2.5,2,0.5,2,1,1,0,2,3,-1,0.5,1,1,0.5,0.5,1,1.5,-0.5,,,,,,,,,,,,,,,
2021,Uruguay,15,4,5,6,11,16,-5,0.266666666666667,8,8,0.533333333333333,0.533333333333333,0.733333333333333,1.06666666666667,-0.333333333333333,5,0,3,2,2,11,-9,0,3,3,0.6,0.6,0.4,2.2,-1.8,5,2,1,2,5,3,2,0.4,3,3,0.6,0.6,1,0.6,0.4,5,2,1,2,4,2,2,0.4,2,2,0.4,0.4,0.8,0.4,0.4
2022,Uruguay,8,6,1,1,13,2,11,0.75,2,2,0.25,0.25,1.625,0.25,1.375,3,3,0,0,5,0,5,1,0,0,0,0,1.66666666666667,0,1.66666666666667,2,2,0,0,5,1,4,1,0,0,0,0,2.5,0.5,2,3,1,1,1,3,1,2,0.333333333333333,2,2,0.666666666666667,0.666666666666667,1,0.333333333333333,0.666666666666667
2010,Wales,3,0,3,0,1,6,-5,0,2,2,0.666666666666667,0.666666666666667,0.333333333333333,2,-1.66666666666667,2,0,2,0,1,5,-4,0,1,1,0.5,0.5,0.5,2.5,-2,1,0,1,0,0,1,-1,0,1,1,1,1,0,1,-1,,,,,,,,,,,,,,,
2011,Wales,5,3,2,0,5,4,1,0.6,2,2,0.4,0.4,1,0.8,0.2,2,1,1,0,1,1,0,0.5,1,1,0.5,0.5,0.5,0.5,0,3,2,1,0,4,3,1,0.666666666666667,1,1,0.333333333333333,0.333333333333333,1.33333333333333,1,0.333333333333333,,,,,,,,,,,,,,,
2012,Wales,4,1,3,0,3,11,-8,0.25,2,2,0.5,0.5,0.75,2.75,-2,2,0,2,0,1,8,-7,0,1,1,0.5,0.5,0.5,4,-3.5,2,1,1,0,2,3,-1,0.5,1,1,0.5,0.5,1,1.5,-0.5,,,,,,,,,,,,,,,
2013,Wales,6,2,3,1,6,9,-3,0.333333333333333,1,1,0.166666666666667,0.166666666666667,1,1.5,-0.5,3,1,1,1,4,4,0,0.333333333333333,0,0,0,0,1.33333333333333,1.33333333333333,0,3,1,2,0,2,5,-3,0.333333333333333,1,1,0.333333333333333,0.333333333333333,0.666666666666667,1.66666666666667,-1,,,,,,,,,,,,,,,
2014,Wales,6,3,1,2,7,5,2,0.5,3,3,0.5,0.5,1.16666666666667,0.833333333333333,0.333333333333333,3,1,1,1,2,3,-1,0.333333333333333,2,2,0.666666666666667,0.666666666666667,0.666666666666667,1,-0.333333333333333,3,2,0,1,5,2,3,0.666666666666667,1,1,0.333333333333333,0.333333333333333,1.66666666666667,0.666666666666667,1,,,,,,,,,,,,,,,
2015,Wales,7,4,2,1,9,5,4,0.571428571428571,2,2,0.285714285714286,0.285714285714286,1.28571428571429,0.714285714285714,0.571428571428571,3,2,1,0,4,2,2,0.666666666666667,1,1,0.333333333333333,0.333333333333333,1.33333333333333,0.666666666666667,0.666666666666667,4,2,1,1,5,3,2,0.5,1,1,0.25,0.25,1.25,0.75,0.5,,,,,,,,,,,,,,,
2016,Wales,13,5,4,4,19,15,4,0.384615384615385,3,3,0.230769230769231,0.230769230769231,1.46153846153846,1.15384615384615,0.307692307692308,3,0,2,1,2,6,-4,0,2,2,0.666666666666667,0.666666666666667,0.666666666666667,2,-1.33333333333333,4,1,0,3,7,3,4,0.25,0,0,0,0,1.75,0.75,1,6,4,2,0,10,6,4,0.666666666666667,1,1,0.166666666666667,0.166666666666667,1.66666666666667,1,0.666666666666667
2017,Wales,8,3,2,3,6,5,1,0.375,3,3,0.375,0.375,0.75,0.625,0.125,5,2,1,2,4,3,1,0.4,2,2,0.4,0.4,0.8,0.6,0.2,3,1,1,1,2,2,0,0.333333333333333,1,1,0.333333333333333,0.333333333333333,0.666666666666667,0.666666666666667,0,,,,,,,,,,,,,,,
2018,Wales,7,2,4,1,7,10,-3,0.285714285714286,3,3,0.428571428571429,0.428571428571429,1,1.42857142857143,-0.428571428571429,4,1,2,1,1,3,-2,0.25,3,3,0.75,0.75,0.25,0.75,-0.5,3,1,2,0,6,7,-1,0.333333333333333,0,0,0,0,2,2.33333333333333,-0.333333333333333,,,,,,,,,,,,,,,
2019,Wales,10,6,2,2,12,6,6,0.6,1,1,0.1,0.1,1.2,0.6,0.6,4,1,2,1,4,4,0,0.25,1,1,0.25,0.25,1,1,0,6,5,0,1,8,2,6,0.833333333333333,0,0,0,0,1.33333333333333,0.333333333333333,1,,,,,,,,,,,,,,,
2020,Wales,8,5,1,2,7,4,3,0.625,3,3,0.375,0.375,0.875,0.5,0.375,4,2,1,1,2,3,-1,0.5,2,2,0.5,0.5,0.5,0.75,-0.25,4,3,0,1,5,1,4,0.75,1,1,0.25,0.25,1.25,0.25,1,,,,,,,,,,,,,,,
2021,Wales,16,6,4,6,18,18,0,0.375,6,6,0.375,0.375,1.125,1.125,0,6,2,2,2,7,10,-3,0.333333333333333,2,2,0.333333333333333,0.333333333333333,1.16666666666667,1.66666666666667,-0.5,6,3,0,3,8,2,6,0.5,2,2,0.333333333333333,0.333333333333333,1.33333333333333,0.333333333333333,1,4,1,2,1,3,6,-3,0.25,2,2,0.5,0.5,0.75,1.5,-0.75
2022,Wales,11,2,6,3,11,16,-5,0.181818181818182,2,2,0.181818181818182,0.181818181818182,1,1.45454545454545,-0.454545454545455,3,0,3,0,4,7,-3,0,0,0,0,0,1.33333333333333,2.33333333333333,-1,6,2,2,2,6,6,0,0.333333333333333,1,1,0.166666666666667,0.166666666666667,1,1,0,2,0,1,1,1,3,-2,0,1,1,0.5,0.5,0.5,1.5,-1
